Supplementary Table 6. Consensus genetic map integrated with flow-sorted chromosome/arm positions.,,,,,,
,Flow-sorting,,,Consensus Genetic Map,,
Marker,Chromosome,Arm,,Chromosome,Bin,cM
1_1165,1H,,,1H,1,0
3_0969,1H,,,1H,2,0.31
1_0420,1H,,,1H,3,0.54
1_0895,1H,,,1H,4,0.89
1_1223,1H,,,1H,5,1.24
2_1354,1H,,,1H,6,1.68
2_1067,1H,,,1H,7,1.88
2_0502,1H,,,1H,8,2.55
1_0460,1H,,,1H,9,3.21
1_1311,1H,,,1H,9,3.21
2_0842,,,,1H,9,3.21
3_0715,1H,,,1H,9,3.21
1_0410,1H,,,1H,10,4.71
1_0419,1H,,,1H,10,4.71
2_0238,,,,1H,10,4.71
2_1456,,,,1H,10,4.71
3_1144,1H,,,1H,10,4.71
3_0820,1H,,,1H,10,4.71
1_0636,1H,,,1H,11,5.41
1_1011,1H,,,1H,12,6.98
3_0933,1H,,,1H,12,6.98
1_0716,1H,,,1H,13,8.3
2_1174,1H,,,1H,14,8.96
2_0177,,,,1H,15,9.37
2_1226,1H,,,1H,15,9.37
2_0665,,,,1H,16,10.69
3_1149,1H,,,1H,16,10.69
3_0918,1H,,,1H,17,11.35
3_0951,1H,,,1H,17,11.35
3_0919,1H,,,1H,17,11.35
3_0950,1H,,,1H,17,11.35
3_0952,1H,,,1H,17,11.35
3_1533,,,,1H,17,11.35
1_0332,1H,,,1H,18,11.66
3_0588,1H,,,1H,19,12.94
2_0318,,,,1H,20,14.59
3_0955,,,,1H,20,14.59
1_0775,1H,,,1H,21,15.91
2_0749,1H,,,1H,21,15.91
3_0948,1H,,,1H,21,15.91
1_0484,1H,,,1H,22,17.13
1_0030,1H,,,1H,23,17.4
2_0371,1H,,,1H,23,17.4
3_0876,1H,,,1H,24,18.22
1_0873,1H,,,1H,25,20.33
2_0712,1H,,,1H,25,20.33
3_0241,1H,,,1H,25,20.33
1_0186,1H,,,1H,26,22.04
1_0757,1H,,,1H,26,22.04
2_0767,,,,1H,26,22.04
1_0744,1H,,,1H,27,23.62
2_1048,1H,,,1H,28,24.03
2_1233,,,,1H,29,25.3
3_1276,1H,,,1H,30,25.5
2_0617,1H,,,1H,31,27.12
1_0760,1H,,,1H,32,28.2
1_0814,1H,,,1H,33,28.99
1_0238,1H,,,1H,34,30.15
1_0250,1H,,,1H,34,30.15
1_1357,1H,,,1H,34,30.15
2_1072,1H,,,1H,35,30.81
3_1177,1H,,,1H,35,30.81
1_0764,1H,,,1H,36,34.45
1_1498,1H,,,1H,36,34.45
3_0336,1H,,,1H,37,35.11
1_0275,1H,,,1H,38,35.77
2_1095,1H,,,1H,38,35.77
2_0514,1H,,,1H,39,35.98
1_0597,1H,,,1H,40,36.64
1_1266,1H,,,1H,40,36.64
3_0268,1H,,,1H,40,36.64
2_1134,1H,,,1H,41,37.3
1_0314,1H,,,1H,42,38.36
1_0235,1H,,,1H,43,40.4
1_0259,1H,,,1H,43,40.4
1_0294,1H,,,1H,43,40.4
1_0526,1H,,,1H,43,40.4
3_0683,1H,,,1H,43,40.4
3_1467,1H,,,1H,43,40.4
3_0796,1H,,,1H,43,40.4
1_0957,1H,,,1H,44,41.74
1_1064,1H,,,1H,44,41.74
2_0855,1H,,,1H,44,41.74
1_1301,1H,,,1H,44,41.74
1_0159,1H,,,1H,45,42.42
1_0300,1H,,,1H,45,42.42
2_0260,1H,,,1H,45,42.42
1_0438,1H,,,1H,45,42.42
1_0470,1H,,,1H,45,42.42
1_1478,,,,1H,45,42.42
1_0506,1H,,,1H,45,42.42
1_0985,,,,1H,45,42.42
2_1188,1H,,,1H,45,42.42
1_1036,1H,,,1H,45,42.42
2_1408,1H,,,1H,45,42.42
3_0498,1H,,,1H,45,42.42
1_1336,1H,,,1H,45,42.42
1_1373,1H,,,1H,45,42.42
2_0047,1H,,,1H,45,42.42
2_0427,1H,,,1H,45,42.42
2_0698,1H,,,1H,45,42.42
2_0660,1H,,,1H,45,42.42
2_0757,1H,,,1H,45,42.42
2_1193,1H,,,1H,45,42.42
3_0043,1H,,,1H,45,42.42
3_0404,1H,,,1H,45,42.42
3_0438,1H,,,1H,45,42.42
3_1208,1H,,,1H,45,42.42
3_0436,1H,,,1H,45,42.42
3_0562,1H,,,1H,45,42.42
3_0762,1H,,,1H,45,42.42
3_1191,,,,1H,45,42.42
1_1287,1H,,,1H,46,43.08
1_1484,1H,,,1H,47,44.17
1_0833,1H,,,1H,48,44.59
1_0938,1H,,,1H,48,44.59
1_1209,1H,,,1H,48,44.59
3_1381,1H,,,1H,48,44.59
2_1357,1H,,,1H,48,44.59
1_0075,1H,,,1H,49,45.2
1_0520,1H,,,1H,49,45.2
1_0933,1H,,,1H,49,45.2
1_1162,1H,,,1H,49,45.2
1_1169,1H,,,1H,49,45.2
2_1312,1H,,,1H,49,45.2
2_1529,,,,1H,49,45.2
3_0059,1H,,,1H,49,45.2
3_0592,1H,,,1H,49,45.2
3_1272,1H,,,1H,49,45.2
3_0110,1H,,,1H,49,45.2
3_0406,1H,,,1H,49,45.2
3_0478,1H,,,1H,49,45.2
3_0499,1H,,,1H,49,45.2
3_0694,1H,,,1H,49,45.2
3_0750,1H,,,1H,49,45.2
3_0258,,,,1H,49,45.2
3_0462,1H,,,1H,49,45.2
3_0350,1H,,,1H,49,45.2
3_1134,1H,,,1H,49,45.2
2_1000,1H,,,1H,50,45.85
2_0810,1H,,,1H,51,46.5
2_0912,1H,,,1H,51,46.5
1_1107,1H,,,1H,52,47.21
3_0522,1H,,,1H,52,47.21
3_0786,1H,,,1H,52,47.21
1_1217,1H,,,1H,53,48.29
1_1359,1H,,,1H,53,48.29
2_1217,1H,,,1H,53,48.29
1_0293,1H,,,1H,54,48.99
1_1326,1H,,,1H,54,48.99
2_0798,1H,,,1H,54,48.99
2_1361,1H,,,1H,54,48.99
3_0243,1H,,,1H,54,48.99
3_0741,,,,1H,54,48.99
1_1256,1H,,,1H,55,49.65
3_0710,1H,,,1H,55,49.65
1_0324,1H,,,1H,56,50.54
1_0198,1H,,,1H,57,51.2
3_0348,1H,,,1H,57,51.2
1_1248,1H,,,1H,58,51.91
2_1053,1H,,,1H,58,51.91
3_0343,1H,,,1H,58,51.91
1_0768,1H,,,1H,59,52.63
2_1333,1H,,,1H,59,52.63
2_0997,1H,,,1H,60,53.4
1_0552,1H,,,1H,61,54.54
1_1444,1H,,,1H,61,54.54
3_0821,1H,,,1H,61,54.54
2_1463,1H,,,1H,62,57.27
1_0176,1H,,,1H,63,58.59
1_0201,1H,,,1H,63,58.59
2_0095,1H,,,1H,63,58.59
3_0753,1H,,,1H,63,58.59
1_0617,1H,,,1H,64,59.29
1_1049,1H,,,1H,64,59.29
1_0798,1H,,,1H,64,59.29
3_0304,1H,,,1H,64,59.29
3_0744,1H,,,1H,64,59.29
2_1131,1H,,,1H,65,59.99
1_0302,1H,,,1H,66,60.65
3_1179,1H,,,1H,67,61.39
3_1401,1H,,,1H,67,61.39
2_0432,1H,,,1H,68,62.05
2_0642,1H,,,1H,69,62.6
2_1431,1H,,,1H,69,62.6
1_0516,1H,,,1H,70,63.14
1_0043,1H,,,1H,71,63.74
1_0068,,,,1H,72,64.09
1_0002,1H,,,1H,73,64.44
1_0960,1H,,,1H,73,64.44
1_1062,1H,,,1H,73,64.44
1_1367,1H,,,1H,73,64.44
2_0956,1H,,,1H,73,64.44
2_1219,1H,,,1H,73,64.44
2_1347,,,,1H,73,64.44
3_1464,1H,,,1H,73,64.44
3_0295,1H,,,1H,74,69.08
1_0166,1H,,,1H,75,71.81
1_0463,1H,,,1H,75,71.81
2_0157,1H,,,1H,75,71.81
2_0290,1H,,,1H,75,71.81
2_0696,1H,,,1H,76,72.47
3_0298,1H,,,1H,77,73.13
3_0505,1H,,,1H,78,73.78
2_0120,,,,1H,79,74.81
2_0229,1H,,,1H,79,74.81
2_1057,1H,,,1H,79,74.81
3_0742,1H,,,1H,79,74.81
3_1160,1H,,,1H,79,74.81
1_1075,1H,,,1H,80,75.48
2_1176,1H,,,1H,80,75.48
1_1267,1H,,,1H,81,76.22
1_0006,1H,,,1H,82,76.92
1_0890,1H,,,1H,82,76.92
1_0279,1H,,,1H,83,77.57
1_0686,1H,,,1H,84,77.92
2_1126,1H,,,1H,85,78.58
2_0121,1H,,,1H,86,80.47
2_0990,1H,,,1H,86,80.47
2_0657,1H,,,1H,87,82.09
1_0466,1H,,,1H,88,84.71
1_1037,1H,,,1H,89,86.25
3_0072,1H,,,1H,90,87.43
1_0434,1H,,,1H,91,88.88
1_1463,1H,,,1H,91,88.88
1_0471,1H,,,1H,92,89.77
2_1192,1H,,,1H,92,89.77
1_0830,1H,,,1H,92,89.77
1_1144,1H,,,1H,92,89.77
2_0434,1H,,,1H,92,89.77
3_0204,1H,,,1H,92,89.77
2_0550,1H,,,1H,93,90.31
1_0535,,,,1H,94,91.73
1_1189,1H,,,1H,95,92.43
2_0769,1H,,,1H,95,92.43
2_0792,1H,,,1H,95,92.43
2_0475,1H,,,1H,96,93.48
2_0937,,,,1H,96,93.48
2_1446,1H,,,1H,96,93.48
3_0546,1H,,,1H,97,94.15
1_0433,1H,,,1H,98,95.14
2_1301,,,,1H,98,95.14
3_1163,1H,,,1H,98,95.14
1_0865,1H,,,1H,99,96.95
1_1008,1H,,,1H,99,96.95
2_1373,1H,,,1H,99,96.95
1_0396,1H,,,1H,100,98.68
2_0149,1H,,,1H,100,98.68
3_1192,1H,,,1H,100,98.68
1_0822,1H,,,1H,101,100.4
1_1277,1H,,,1H,101,100.4
3_1319,1H,,,1H,101,100.4
1_0522,1H,,,1H,102,101.34
2_0169,1H,,,1H,103,101.99
2_0754,1H,,,1H,103,101.99
1_0357,1H,,,1H,104,103.99
1_1173,1H,,,1H,104,103.99
1_0111,1H,,,1H,105,105.77
2_0125,1H,,,1H,105,105.77
2_0153,,,,1H,105,105.77
2_0187,1H,,,1H,105,105.77
2_0909,1H,,,1H,105,105.77
2_0267,1H,,,1H,105,105.77
2_0613,1H,,,1H,105,105.77
2_1020,1H,,,1H,105,105.77
3_0532,1H,,,1H,105,105.77
3_1152,1H,,,1H,105,105.77
3_0509,6H,S,,1H,106,107.09
3_0191,1H,,,1H,107,107.77
2_0780,1H,,,1H,108,108.52
2_0921,1H,,,1H,109,109.38
2_0625,1H,,,1H,110,110.08
2_0220,1H,,,1H,111,111.15
1_0231,1H,,,1H,112,111.81
2_0021,1H,,,1H,112,111.81
2_0844,1H,,,1H,112,111.81
1_0789,1H,,,1H,113,114.06
2_1392,1H,,,1H,113,114.06
3_0014,1H,,,1H,114,114.72
3_1526,1H,,,1H,115,115.09
1_0905,1H,,,1H,116,116.16
1_0729,1H,,,1H,117,116.24
1_1116,1H,,,1H,117,116.24
1_0963,1H,,,1H,118,117.24
1_1409,1H,,,1H,118,117.24
1_0338,1H,,,1H,119,118.98
1_0854,1H,,,1H,120,119.78
2_0959,1H,,,1H,120,119.78
3_0257,1H,,,1H,120,119.78
2_1172,1H,,,1H,121,121.56
1_0911,1H,,,1H,122,121.8
1_0858,1H,,,1H,123,122.34
2_0677,,,,1H,123,122.34
1_1528,1H,,,1H,123,122.34
2_0908,1H,,,1H,123,122.34
2_1038,1H,,,1H,123,122.34
1_0339,1H,,,1H,124,123.1
1_0586,1H,,,1H,124,123.1
3_1105,1H,,,1H,124,123.1
1_1457,1H,,,1H,125,123.81
1_1443,1H,,,1H,126,125.29
1_0722,1H,,,1H,127,126.61
2_1140,1H,,,1H,128,127.26
1_0207,1H,,,1H,129,128.04
1_1481,1H,,,1H,129,128.04
2_1068,5H,B,,1H,129,128.04
3_0403,1H,,,1H,129,128.04
3_1377,1H,,,1H,129,128.04
1_0644,1H,,,1H,130,128.63
1_0808,1H,,,1H,131,129.71
3_1387,1H,,,1H,131,129.71
1_0693,1H,,,1H,132,130.42
1_1038,1H,,,1H,133,132.16
2_0133,1H,,,1H,133,132.16
3_0649,1H,,,1H,133,132.16
1_0903,1H,,,1H,134,133.47
1_0059,1H,,,1H,135,134.21
2_0383,1H,,,1H,136,134.96
1_0782,1H,,,1H,137,135.62
1_1271,1H,,,1H,138,136.7
3_0803,,,,1H,138,136.7
2_1105,1H,,,1H,139,137.78
1_0041,1H,,,1H,140,138.86
1_0512,1H,,,1H,140,138.86
1_1105,1H,,,1H,140,138.86
1_1496,1H,,,1H,140,138.86
1_1509,1H,,,1H,140,138.86
2_0599,1H,,,1H,140,138.86
2_0603,1H,,,1H,140,138.86
2_1384,1H,,,1H,140,138.86
3_0277,1H,,,1H,140,138.86
2_0594,1H,,,1H,141,139.6
2_0138,1H,,,1H,142,140.69
2_0840,1H,,,1H,142,140.69
1_0590,1H,,,1H,143,141.46
1_0746,1H,,,1H,143,141.46
2_0915,1H,,,1H,143,141.46
3_0231,1H,,,1H,143,141.46
2_0772,1H,,,1H,144,142.55
1_0029,,,,1H,145,143.2
1_0443,1H,,,1H,145,143.2
2_0429,1H,,,1H,145,143.2
3_0934,1H,,,1H,145,143.2
3_0048,,,,1H,145,143.2
3_1081,1H,,,1H,145,143.2
1_0970,2H,S,,2H,1,0
3_1446,2H,S,,2H,2,0.66
1_0718,2H,S,,2H,3,3.1
2_1415,2H,S,,2H,4,3.84
3_1224,2H,S,,2H,5,4.59
1_0326,2H,S,,2H,6,4.72
1_1030,2H,S,,2H,7,6.09
1_0163,,,,2H,8,6.83
1_0230,2H,S,,2H,9,7.92
1_1059,2H,S,,2H,9,7.92
1_0592,2H,S,,2H,10,9.12
2_1377,2H,S,,2H,10,9.12
3_0781,2H,S,,2H,10,9.12
2_0563,2H,S,,2H,11,10.07
2_1532,,,,2H,11,10.07
1_0502,2H,S,,2H,12,10.86
1_1119,2H,S,,2H,12,10.86
2_0161,,,,2H,12,10.86
2_0430,,,,2H,12,10.86
3_1497,2H,S,,2H,12,10.86
2_0562,2H,S,,2H,12,10.86
3_0155,2H,S,,2H,12,10.86
3_0402,2H,S,,2H,12,10.86
3_0775,2H,S,,2H,12,10.86
2_1416,2H,S,,2H,13,12.07
3_0631,2H,S,,2H,13,12.07
2_1423,,,,2H,14,12.77
3_1534,,,,2H,15,13.43
2_0107,2H,S,,2H,16,14.42
2_0724,,,,2H,17,14.98
3_1284,2H,S,,2H,18,15.98
1_1040,2H,S,,2H,19,16.14
1_0943,2H,S,,2H,20,17.24
1_0180,2H,S,,2H,21,20.45
1_0777,2H,S,,2H,21,20.45
3_0871,2H,S,,2H,22,25.33
3_0872,2H,S,,2H,22,25.33
2_1015,2H,S,,2H,23,26
1_0216,2H,S,,2H,24,26.63
2_0394,2H,S,,2H,24,26.63
2_1261,2H,S,,2H,25,27.5
2_1265,2H,S,,2H,25,27.5
2_1366,2H,S,,2H,25,27.5
2_1187,2H,S,,2H,26,28.15
2_0593,2H,S,,2H,27,29.05
1_0891,2H,S,,2H,28,29.75
1_0307,2H,S,,2H,29,30.42
2_0368,2H,S,,2H,29,30.42
2_1049,2H,S,,2H,30,31.17
1_0787,2H,S,,2H,31,31.91
1_0987,2H,S,,2H,31,31.91
1_1304,2H,S,,2H,31,31.91
2_0864,2H,S,,2H,32,32.35
1_1110,2H,S,,2H,33,32.98
1_1452,2H,S,,2H,34,33.82
1_0847,2H,S,,2H,35,34.24
2_1304,2H,S,,2H,35,34.24
2_0173,2H,S,,2H,36,37.77
1_0525,7H,S,,2H,37,38.86
1_1073,,,,2H,38,39.37
1_0178,,,,2H,39,40.03
1_0399,,,,2H,39,40.03
1_1057,2H,S,,2H,39,40.03
2_1461,2H,S,,2H,39,40.03
3_0420,2H,S,,2H,40,40.69
1_0296,2H,S,,2H,41,42.01
1_0837,2H,S,,2H,41,42.01
1_0919,2H,S,,2H,41,42.01
2_0326,2H,S,,2H,41,42.01
3_0657,2H,S,,2H,41,42.01
1_0648,2H,S,,2H,42,42.78
2_1153,2H,S,,2H,43,43.38
3_0432,2H,S,,2H,44,44.04
1_0342,2H,S,,2H,45,44.82
2_1338,2H,S,,2H,46,45.48
3_0363,2H,S,,2H,47,46.14
1_1493,2H,S,,2H,48,46.74
2_1227,,,,2H,48,46.74
1_0715,2H,S,,2H,49,47.48
3_0029,2H,S,,2H,50,48.8
3_0379,2H,S,,2H,50,48.8
1_0486,2H,S,,2H,51,49.5
3_0491,2H,S,,2H,51,49.5
1_0204,,,,2H,52,50.54
1_1340,2H,S,,2H,52,50.54
2_0281,2H,S,,2H,52,50.54
2_0672,,,,2H,52,50.54
1_1061,2H,S,,2H,53,50.99
3_0703,2H,S,,2H,53,50.99
2_0846,,,,2H,54,51.37
3_1169,2H,S,,2H,54,51.37
1_1505,,,,2H,55,51.87
1_0297,2H,S,,2H,56,53.09
1_0498,2H,S,,2H,56,53.09
1_1054,2H,S,,2H,57,53.18
1_0054,,,,2H,58,54.27
1_0156,,,,2H,58,54.27
1_1428,2H,S,,2H,58,54.27
1_0234,,,,2H,58,54.27
1_0458,,,,2H,58,54.27
2_0131,,,,2H,58,54.27
2_1005,2H,S,,2H,59,54.92
2_0674,2H,S,,2H,60,55.46
2_0688,2H,S,,2H,60,55.46
3_0604,2H,S,,2H,60,55.46
3_0691,2H,S,,2H,60,55.46
2_0929,2H,S,,2H,61,56.43
1_0325,,,,2H,62,56.64
1_0733,2H,S,,2H,62,56.64
1_0422,2H,S,,2H,62,56.64
1_1302,2H,S,,2H,62,56.64
2_1096,2H,S,,2H,62,56.64
3_0259,2H,S,,2H,62,56.64
1_0638,2H,S,,2H,63,57.29
1_1131,2H,S,,2H,63,57.29
2_1388,2H,S,,2H,63,57.29
1_1522,2H,S,,2H,64,58.15
1_0996,2H,S,,2H,65,58.5
1_1400,,,,2H,65,58.5
3_1474,2H,S,,2H,65,58.5
2_0387,2H,S,,2H,66,59.58
1_0147,2H,S,,2H,67,60.89
1_1015,,,,2H,67,60.89
1_1272,2H,S,,2H,67,60.89
2_0024,,,,2H,67,60.89
2_0602,,,,2H,67,60.89
3_0338,2H,S,,2H,67,60.89
1_0927,2H,S,,2H,68,61.49
2_0235,2H,S,,2H,68,61.49
2_0917,2H,S,,2H,68,61.49
3_0195,2H,S,,2H,68,61.49
2_0748,2H,S,,2H,68,61.49
2_0891,2H,S,,2H,68,61.49
3_0251,2H,S,,2H,68,61.49
3_0209,2H,S,,2H,69,62.19
1_0558,2H,S,,2H,70,62.85
3_0557,2H,S,,2H,70,62.85
1_0997,2H,S,,2H,70,62.85
2_0643,2H,S,,2H,70,62.85
1_0330,2H,S,,2H,71,63.55
1_0485,2H,S,,2H,71,63.55
2_0500,2H,S,,2H,71,63.55
1_0602,2H,S,,2H,71,63.55
1_0796,2H,S,,2H,71,63.55
1_1133,2H,S,,2H,71,63.55
1_0898,,,,2H,71,63.55
1_0948,2H,S,,2H,71,63.55
3_1288,2H,S,,2H,71,63.55
3_0634,2H,S,,2H,72,65.53
1_0070,2H,S,,2H,73,66.2
1_0679,2H,S,,2H,73,66.2
1_1046,2H,S,,2H,73,66.2
1_1155,2H,S,,2H,73,66.2
2_0181,2H,S,,2H,73,66.2
3_0772,2H,S,,2H,73,66.2
2_1286,2H,S,,2H,73,66.2
3_0853,2H,S,,2H,73,66.2
1_0012,2H,S,,2H,74,67.08
1_0057,2H,L,,2H,74,67.08
1_0194,2H,L,,2H,74,67.08
1_0243,2H,L,,2H,74,67.08
2_0862,2H,L,,2H,74,67.08
1_0358,2H,L,,2H,74,67.08
2_0631,2H,L,,2H,74,67.08
1_0624,,,,2H,74,67.08
1_0947,2H,S,,2H,74,67.08
1_1211,2H,L,,2H,74,67.08
1_1247,,,,2H,74,67.08
2_0878,,,,2H,74,67.08
2_1434,,,,2H,74,67.08
1_1288,2H,L,,2H,74,67.08
2_0196,2H,L,,2H,74,67.08
2_1337,2H,S,,2H,74,67.08
3_0068,2H,L,,2H,74,67.08
3_0206,2H,L,,2H,74,67.08
3_1189,2H,L,,2H,74,67.08
3_1218,2H,L,,2H,74,67.08
2_0476,2H,S,,2H,74,67.08
3_0042,2H,S,,2H,74,67.08
3_0828,2H,S,,2H,74,67.08
1_0474,2H,S,,2H,75,67.63
2_0039,,,,2H,75,67.63
1_0099,2H,S,,2H,76,68.07
1_1178,2H,L,,2H,76,68.07
1_1354,2H,S,,2H,76,68.07
2_0032,2H,L,,2H,76,68.07
2_0417,2H,S,,2H,76,68.07
2_0458,2H,S,,2H,76,68.07
2_0160,2H,S,,2H,76,68.07
3_0179,2H,S,,2H,76,68.07
3_0514,2H,L,,2H,76,68.07
3_0561,2H,L,,2H,76,68.07
3_0582,2H,S,,2H,76,68.07
3_1175,2H,S,,2H,76,68.07
3_1302,,,,2H,76,68.07
1_0317,,,,2H,77,68.56
2_0251,2H,L,,2H,77,68.56
2_0669,2H,L,,2H,77,68.56
1_0035,2H,L,,2H,78,69.05
1_0038,,,,2H,78,69.05
1_1001,,,,2H,78,69.05
1_0154,2H,L,,2H,78,69.05
1_0883,2H,L,,2H,78,69.05
1_1369,2H,L,,2H,78,69.05
1_1206,2H,L,,2H,78,69.05
2_0438,2H,L,,2H,78,69.05
1_1384,2H,L,,2H,79,69.79
2_0335,2H,L,,2H,80,70.54
3_0245,,,,2H,81,71.29
1_0640,2H,L,,2H,82,72.03
2_0585,2H,L,,2H,82,72.03
1_0191,2H,L,,2H,83,72.99
1_0685,2H,L,,2H,83,72.99
1_0436,2H,L,,2H,83,72.99
1_0909,2H,L,,2H,83,72.99
1_1324,2H,L,,2H,83,72.99
1_1504,2H,L,,2H,83,72.99
2_0390,2H,L,,2H,83,72.99
2_0532,2H,L,,2H,83,72.99
2_0887,2H,L,,2H,83,72.99
2_1399,2H,L,,2H,83,72.99
3_0108,2H,L,,2H,83,72.99
3_0265,2H,L,,2H,83,72.99
3_0275,2H,L,,2H,83,72.99
3_0323,2H,L,,2H,83,72.99
3_0724,2H,L,,2H,83,72.99
1_0632,2H,L,,2H,84,73.35
1_0692,2H,L,,2H,84,73.35
1_1278,2H,L,,2H,85,73.89
1_1316,2H,L,,2H,85,73.89
1_1430,,,,2H,85,73.89
2_0374,2H,L,,2H,85,73.89
2_0442,,,,2H,85,73.89
3_1256,2H,L,,2H,85,73.89
2_1476,2H,L,,2H,86,74.55
3_1252,4H,S,,2H,86,74.55
2_1094,,,,2H,87,75.3
2_1166,2H,L,,2H,88,75.95
1_1121,2H,L,,2H,89,76.61
1_1347,2H,L,,2H,89,76.61
2_1110,2H,L,,2H,89,76.61
1_0545,2H,L,,2H,90,77.76
1_1072,2H,L,,2H,90,77.76
2_0690,2H,L,,2H,91,78.54
2_1144,2H,L,,2H,91,78.54
1_0651,2H,B,,2H,92,79.82
1_1096,2H,L,,2H,93,79.92
1_0265,2H,L,,2H,94,80.14
2_1258,,,,2H,95,80.36
1_0017,2H,L,,2H,96,81.31
1_0407,2H,L,,2H,97,82.44
1_0719,2H,L,,2H,97,82.44
2_0833,2H,L,,2H,97,82.44
2_1251,2H,L,,2H,97,82.44
3_0205,2H,L,,2H,97,82.44
3_1020,2H,L,,2H,97,82.44
3_1021,2H,L,,2H,97,82.44
1_0717,2H,L,,2H,98,82.98
2_1205,2H,L,,2H,98,82.98
2_0667,2H,L,,2H,99,83.7
2_0528,2H,L,,2H,100,84.35
1_0650,2H,L,,2H,101,84.96
1_0831,,,,2H,101,84.96
1_1402,2H,L,,2H,101,84.96
2_0947,2H,L,,2H,101,84.96
2_1078,2H,L,,2H,101,84.96
3_1383,2H,L,,2H,101,84.96
2_0419,2H,L,,2H,102,85.52
2_1156,,,,2H,102,85.52
3_0674,2H,L,,2H,102,85.52
3_1380,2H,L,,2H,102,85.52
3_1394,2H,L,,2H,102,85.52
2_0960,2H,L,,2H,103,85.73
1_0952,2H,L,,2H,104,86.58
1_1449,2H,L,,2H,104,86.58
2_0734,2H,L,,2H,104,86.58
3_0178,2H,L,,2H,105,87.25
1_0196,2H,L,,2H,106,89.68
1_1388,2H,L,,2H,106,89.68
1_1435,2H,L,,2H,106,89.68
3_0696,2H,L,,2H,106,89.68
3_0746,,,,2H,106,89.68
3_1398,2H,L,,2H,106,89.68
1_0818,2H,L,,2H,107,90.48
2_0489,2H,L,,2H,107,90.48
3_1445,2H,L,,2H,107,90.48
2_0699,2H,L,,2H,108,91.11
2_1282,,,,2H,109,91.77
1_0859,2H,L,,2H,110,93.26
3_1293,2H,L,,2H,110,93.26
1_0786,2H,L,,2H,111,94.25
2_1242,2H,L,,2H,111,94.25
1_0619,2H,L,,2H,112,95.58
1_0823,2H,L,,2H,112,95.58
1_1214,2H,L,,2H,112,95.58
1_1100,2H,L,,2H,113,96.23
2_0781,2H,L,,2H,113,96.23
1_0287,2H,L,,2H,114,98.74
2_0340,2H,L,,2H,114,98.74
1_0213,2H,L,,2H,115,99.39
3_0896,2H,L,,2H,115,99.39
3_1205,2H,L,,2H,115,99.39
3_0897,2H,L,,2H,115,99.39
3_0899,2H,L,,2H,115,99.39
3_0900,2H,L,,2H,115,99.39
3_0901,2H,L,,2H,115,99.39
1_1533,2H,L,,2H,116,100.05
1_0475,2H,L,,2H,117,101.3
2_1037,2H,L,,2H,117,101.3
2_1136,2H,L,,2H,117,101.3
1_0936,2H,L,,2H,118,101.72
2_1245,2H,L,,2H,118,101.72
3_1424,2H,L,,2H,118,101.72
1_0969,2H,L,,2H,119,102.38
1_1058,2H,L,,2H,119,102.38
2_1351,2H,L,,2H,119,102.38
2_0793,2H,L,,2H,120,103.13
1_0214,2H,L,,2H,121,105.62
2_0080,2H,L,,2H,122,107.04
2_1007,2H,L,,2H,122,107.04
3_0216,2H,L,,2H,123,107.92
1_0138,2H,L,,2H,124,108.58
1_0649,2H,L,,2H,124,108.58
1_1285,2H,L,,2H,124,108.58
2_1175,2H,L,,2H,124,108.58
1_1307,2H,L,,2H,125,109.29
2_0086,2H,L,,2H,126,110.93
2_0967,,,,2H,126,110.93
1_1250,2H,L,,2H,127,111.59
1_0876,2H,L,,2H,128,112.26
1_0398,2H,L,,2H,129,113.53
2_0923,,,,2H,129,113.53
3_0200,2H,L,,2H,129,113.53
1_0900,2H,L,,2H,130,114.34
1_1346,2H,L,,2H,130,114.34
1_1466,6H,L,,2H,130,114.34
2_1527,2H,L,,2H,130,114.34
2_0498,2H,L,,2H,131,116.5
2_1340,2H,L,,2H,131,116.5
3_0095,2H,L,,2H,132,117.17
3_0480,2H,L,,2H,132,117.17
1_0630,2H,L,,2H,133,117.59
1_0560,,,,2H,134,118.39
1_1323,2H,L,,2H,134,118.39
1_1480,5H,S,,2H,134,118.39
2_0634,,,,2H,134,118.39
3_0049,2H,L,,2H,134,118.39
3_0555,2H,L,,2H,134,118.39
1_1094,2H,L,,2H,135,119.72
2_0099,2H,B,,2H,136,124.29
2_0763,,,,2H,137,124.57
1_0128,,,,2H,138,124.98
1_0263,,,,2H,138,124.98
1_0544,,,,2H,138,124.98
1_0731,2H,L,,2H,138,124.98
1_0988,2H,L,,2H,138,124.98
2_0064,2H,L,,2H,138,124.98
2_1184,2H,L,,2H,138,124.98
1_0989,2H,L,,2H,139,125.97
1_0990,2H,L,,2H,139,125.97
1_1043,2H,L,,2H,139,125.97
2_1238,2H,L,,2H,139,125.97
3_1402,2H,L,,2H,139,125.97
1_1236,2H,L,,2H,140,127.74
2_0182,2H,L,,2H,140,127.74
1_1118,2H,L,,2H,141,128.87
2_1396,2H,L,,2H,142,129.3
1_0429,2H,L,,2H,143,130.38
2_0989,2H,L,,2H,143,130.38
3_0459,2H,L,,2H,144,131.03
1_0707,2H,L,,2H,145,131.69
1_0538,2H,L,,2H,146,133.04
3_1095,2H,L,,2H,146,133.04
1_0404,2H,L,,2H,147,133.71
1_0739,2H,L,,2H,148,134.29
1_0916,2H,L,,2H,149,134.35
3_0598,2H,L,,2H,150,135.68
3_1264,2H,L,,2H,150,135.68
2_1220,2H,L,,2H,151,136.33
3_1406,2H,L,,2H,151,136.33
1_0092,2H,L,,2H,152,137.03
1_0780,2H,L,,2H,152,137.03
2_0511,2H,L,,2H,152,137.03
1_1365,2H,L,,2H,153,138.04
2_1315,,,,2H,153,138.04
3_0152,2H,L,,2H,153,138.04
3_0636,2H,S,,2H,153,138.04
3_0776,,,,2H,153,138.04
2_0141,2H,L,,2H,154,139.29
3_0097,2H,L,,2H,154,139.29
1_0446,2H,L,,2H,155,140.69
2_0480,2H,L,,2H,155,140.69
2_1440,2H,L,,2H,155,140.69
3_0310,2H,L,,2H,155,140.69
3_0695,2H,L,,2H,156,142.01
2_1406,2H,L,,2H,157,142.67
3_1100,2H,L,,2H,157,142.67
1_1486,2H,L,,2H,158,143.18
2_1370,2H,L,,2H,158,143.18
2_1459,2H,L,,2H,158,143.18
1_0109,2H,L,,2H,159,143.71
2_0711,,,,2H,159,143.71
2_1484,,,,2H,159,143.71
3_0041,3H,S,,2H,159,143.71
2_0183,2H,L,,2H,160,145.03
1_0656,2H,L,,2H,161,145.69
2_0366,2H,L,,2H,161,145.69
2_1088,,,,2H,161,145.69
3_0690,2H,L,,2H,161,145.69
2_1125,2H,L,,2H,162,146.72
1_0065,2H,L,,2H,163,147.37
2_0215,2H,L,,2H,163,147.37
1_0164,2H,L,,2H,163,147.37
1_0383,2H,L,,2H,163,147.37
1_0472,2H,L,,2H,163,147.37
3_0678,2H,L,,2H,163,147.37
3_0942,2H,L,,2H,163,147.37
3_1268,2H,L,,2H,163,147.37
1_0376,2H,L,,2H,164,149.27
1_1227,2H,L,,2H,164,149.27
2_0895,2H,L,,2H,164,149.27
1_0579,2H,L,,2H,165,149.93
2_0715,2H,L,,2H,166,151.92
3_0106,2H,L,,2H,166,151.92
3_0396,2H,L,,2H,166,151.92
3_0248,2H,L,,2H,167,154.03
2_1274,2H,L,,2H,168,154.39
1_0915,2H,L,,2H,169,154.59
2_0590,2H,L,,2H,170,154.65
3_0341,2H,L,,2H,170,154.65
1_0826,2H,L,,2H,171,155.68
2_0027,2H,L,,2H,171,155.68
2_0494,2H,L,,2H,171,155.68
2_1181,2H,L,,2H,171,155.68
3_1461,2H,L,,2H,171,155.68
1_0245,,,,2H,172,156.77
1_0246,,,,2H,172,156.77
1_1167,,,,2H,172,156.77
1_0551,2H,L,,2H,172,156.77
1_0625,2H,L,,2H,172,156.77
1_1262,2H,L,,2H,172,156.77
3_0352,2H,L,,2H,172,156.77
3_0914,2H,L,,2H,172,156.77
3_1209,2H,L,,2H,172,156.77
1_0566,2H,L,,2H,173,157.26
1_0315,,,,2H,174,158.18
1_0447,2H,L,,2H,174,158.18
1_0766,2H,L,,2H,174,158.18
2_0518,2H,L,,2H,174,158.18
1_1023,2H,L,,2H,175,158.6
1_0714,,,,2H,176,159.11
1_0487,2H,L,,2H,177,159.62
1_0950,,,,2H,177,159.62
2_1250,2H,L,,2H,177,159.62
1_0181,2H,L,,2H,178,160.46
1_1368,2H,L,,2H,178,160.46
1_1380,2H,L,,2H,178,160.46
2_0994,2H,L,,2H,178,160.46
2_0293,2H,L,,2H,179,161.3
2_1346,2H,L,,2H,179,161.3
2_0943,2H,L,,2H,180,163.19
2_1299,,,,2H,180,163.19
1_0791,2H,L,,2H,181,164.35
2_1436,2H,L,,2H,181,164.35
3_0823,2H,L,,2H,181,164.35
1_0072,2H,L,,2H,182,165.28
1_0604,,,,2H,182,165.28
3_1527,2H,L,,2H,182,165.28
1_0937,2H,L,,2H,183,166.6
3_1300,2H,L,,2H,183,166.6
3_1506,2H,L,,2H,183,166.6
1_0770,2H,L,,2H,184,167.66
1_0329,,,,2H,185,168.26
2_1099,2H,L,,2H,185,168.26
2_1453,2H,L,,2H,185,168.26
3_1180,2H,L,,2H,185,168.26
1_0085,2H,L,,2H,186,169.66
1_0569,,,,2H,186,169.66
1_1050,2H,L,,2H,186,169.66
2_0561,,,,2H,186,169.66
2_0681,2H,L,,2H,186,169.66
3_1413,,,,2H,186,169.66
3_1434,,,,2H,186,169.66
3_1330,,,,2H,187,170.33
1_0101,2H,L,,2H,188,170.73
1_1280,,,,2H,189,171.47
2_1496,2H,L,,2H,189,171.47
3_0378,2H,L,,2H,190,171.6
1_1372,,,,2H,191,172.92
2_1106,,,,2H,191,172.92
3_0102,2H,L,,2H,191,172.92
2_0858,3H,S,,3H,1,0
3_1428,3H,S,,3H,1,0
1_0103,3H,S,,3H,2,3.97
1_0727,,,,3H,2,3.97
2_0090,3H,S,,3H,2,3.97
2_0175,,,,3H,3,5.36
2_0797,3H,S,,3H,3,5.36
1_1434,3H,S,,3H,4,6.31
2_0159,3H,S,,3H,4,6.31
3_1448,3H,S,,3H,4,6.31
1_1453,3H,S,,3H,5,8.56
1_0173,3H,S,,3H,6,8.91
2_0252,3H,S,,3H,6,8.91
2_0953,3H,S,,3H,7,9.56
3_1409,3H,S,,3H,7,9.56
1_1005,,,,3H,8,11.01
2_0529,3H,S,,3H,8,11.01
2_1190,3H,S,,3H,8,11.01
2_1398,3H,S,,3H,8,11.01
3_0297,3H,S,,3H,8,11.01
2_1027,3H,S,,3H,9,12.38
1_1310,3H,S,,3H,10,13.13
2_0976,3H,S,,3H,10,13.13
3_0332,,,,3H,10,13.13
1_0886,3H,S,,3H,11,13.78
1_0112,3H,S,,3H,12,14
3_0910,3H,S,,3H,12,14
1_0908,,,,3H,13,14.91
2_0595,3H,S,,3H,13,14.91
2_1515,,,,3H,13,14.91
3_0915,3H,S,,3H,13,14.91
1_0832,,,,3H,14,17.66
3_0113,3H,S,,3H,14,17.66
1_0571,3H,S,,3H,15,18.21
1_1013,,,,3H,15,18.21
2_0172,3H,S,,3H,15,18.21
2_1410,,,,3H,15,18.21
2_0742,3H,S,,3H,16,20.52
1_0565,3H,S,,3H,17,21.58
1_0087,,,,3H,18,23.51
3_0192,3H,S,,3H,19,25.53
2_0552,3H,S,,3H,20,26.23
1_0559,3H,S,,3H,21,26.71
3_0920,3H,S,,3H,21,26.71
1_0691,,,,3H,22,28.02
2_0794,3H,S,,3H,22,28.02
1_1237,3H,S,,3H,23,29.09
1_1308,,,,3H,23,29.09
2_0455,3H,S,,3H,24,29.75
2_0968,3H,S,,3H,24,29.75
3_0284,3H,S,,3H,24,29.75
2_0607,3H,S,,3H,25,32.92
3_0571,3H,S,,3H,25,32.92
1_0026,3H,S,,3H,26,34.15
1_1414,3H,S,,3H,26,34.15
1_1527,3H,S,,3H,26,34.15
2_0492,,,,3H,27,35.95
2_1268,3H,S,,3H,27,35.95
3_0431,3H,S,,3H,27,35.95
2_0930,,,,3H,28,37.03
1_0277,,,,3H,29,37.62
1_0672,3H,S,,3H,29,37.62
1_0852,,,,3H,29,37.62
2_0338,,,,3H,29,37.62
3_0925,3H,S,,3H,29,37.62
1_0968,3H,S,,3H,30,38.91
1_0710,3H,S,,3H,31,39.57
1_0081,3H,S,,3H,32,39.92
1_0825,3H,S,,3H,32,39.92
2_0410,3H,S,,3H,32,39.92
1_1447,,,,3H,33,40.99
3_0953,3H,S,,3H,33,40.99
3_1159,3H,S,,3H,33,40.99
3_1298,3H,S,,3H,33,40.99
1_0114,,,,3H,34,42.31
1_0863,3H,S,,3H,34,42.31
2_0193,3H,S,,3H,34,42.31
2_1145,3H,S,,3H,35,42.96
2_0647,3H,S,,3H,36,43.96
2_1533,3H,S,,3H,37,47.37
1_1002,3H,S,,3H,38,48.02
2_0666,,,,3H,38,48.02
1_1514,,,,3H,39,48.13
1_1117,3H,S,,3H,40,48.88
2_1506,3H,S,,3H,40,48.88
1_1371,,,,3H,40,48.88
2_1259,,,,3H,40,48.88
3_0913,3H,S,,3H,40,48.88
3_0785,3H,S,,3H,41,49.53
3_1475,3H,S,,3H,41,49.53
1_0601,3H,S,,3H,42,50.19
3_0064,3H,S,,3H,42,50.19
2_0356,3H,S,,3H,43,50.85
2_1101,3H,S,,3H,43,50.85
3_1009,3H,S,,3H,43,50.85
2_0719,3H,S,,3H,44,52.17
2_1189,3H,S,,3H,44,52.17
3_0609,3H,S,,3H,44,52.17
1_1069,3H,S,,3H,45,53.2
2_0264,3H,S,,3H,45,53.2
3_0467,3H,S,,3H,46,53.86
3_0721,3H,S,,3H,47,55.22
2_1402,3H,S,,3H,48,56.54
3_0583,3H,S,,3H,49,58.51
1_0532,3H,S,,3H,50,59.83
1_1102,3H,S,,3H,50,59.83
2_0328,,,,3H,50,59.83
3_0474,3H,S,,3H,50,59.83
3_0737,3H,S,,3H,50,59.83
3_1122,3H,S,,3H,50,59.83
2_1093,3H,S,,3H,50,59.83
1_1387,3H,S,,3H,51,60.58
3_0922,3H,S,,3H,51,60.58
3_0923,3H,S,,3H,51,60.58
3_1015,3H,S,,3H,51,60.58
1_1511,3H,S,,3H,52,61.94
3_0680,3H,S,,3H,52,61.94
1_0233,3H,S,,3H,53,63.25
1_0380,3H,S,,3H,53,63.25
1_1313,3H,S,,3H,53,63.25
2_1109,3H,S,,3H,53,63.25
2_1197,3H,S,,3H,53,63.25
1_1258,3H,S,,3H,54,63.94
2_0866,,,,3H,54,63.94
2_1129,3H,S,,3H,54,63.94
3_0799,3H,S,,3H,54,63.94
1_1086,3H,S,,3H,55,64.6
3_0618,3H,S,,3H,55,64.6
1_0365,,,,3H,56,65.25
3_1214,3H,L,,3H,56,65.25
1_0391,3H,S,,3H,56,65.25
1_1265,3H,S,,3H,56,65.25
3_0262,3H,S,,3H,56,65.25
1_0437,,,,3H,56,65.25
1_0620,3H,L,,3H,56,65.25
2_0002,3H,L,,3H,56,65.25
2_0288,3H,L,,3H,56,65.25
1_0966,3H,L,,3H,56,65.25
2_0102,,,,3H,56,65.25
2_0890,3H,L,,3H,56,65.25
3_1008,3H,S,,3H,56,65.25
3_1012,3H,L,,3H,56,65.25
3_1372,3H,L,,3H,56,65.25
1_0925,3H,L,,3H,57,66.62
1_1125,3H,L,,3H,57,66.62
1_1283,3H,L,,3H,57,66.62
1_1530,3H,L,,3H,57,66.62
2_0486,3H,L,,3H,57,66.62
2_0583,3H,L,,3H,57,66.62
2_0801,3H,L,,3H,57,66.62
2_1435,3H,L,,3H,57,66.62
2_1472,3H,L,,3H,57,66.62
1_0224,3H,L,,3H,58,67.27
1_0349,3H,L,,3H,58,67.27
1_0784,3H,L,,3H,58,67.27
1_1295,3H,S,,3H,58,67.27
1_1482,3H,L,,3H,58,67.27
2_0591,3H,S,,3H,58,67.27
2_0721,3H,L,,3H,58,67.27
2_1411,3H,S,,3H,58,67.27
3_0039,3H,S,,3H,58,67.27
3_0130,3H,S,,3H,58,67.27
3_1502,3H,L,,3H,58,67.27
1_1053,,,,3H,58,67.27
1_1099,3H,S,,3H,58,67.27
1_1337,3H,L,,3H,58,67.27
2_0439,3H,L,,3H,58,67.27
2_1062,3H,L,,3H,58,67.27
2_1147,3H,L,,3H,58,67.27
2_0408,,,,3H,58,67.27
2_0655,,,,3H,58,67.27
1_0008,3H,L,,3H,59,67.86
1_0328,3H,S,,3H,59,67.86
1_1124,3H,L,,3H,59,67.86
2_0333,3H,L,,3H,59,67.86
2_0428,3H,L,,3H,59,67.86
2_0796,3H,L,,3H,59,67.86
1_0011,3H,L,,3H,59,67.86
1_0137,,,,3H,59,67.86
1_0456,3H,L,,3H,59,67.86
1_1501,3H,S,,3H,59,67.86
2_0856,3H,L,,3H,59,67.86
2_0970,3H,S,,3H,59,67.86
1_0155,3H,S,,3H,59,67.86
1_1518,3H,S,,3H,59,67.86
2_0574,3H,S,,3H,59,67.86
2_1475,3H,S,,3H,59,67.86
1_0926,3H,L,,3H,59,67.86
1_1502,3H,S,,3H,59,67.86
3_0126,3H,L,,3H,59,67.86
3_0318,3H,S,,3H,59,67.86
3_0809,3H,S,,3H,59,67.86
3_1010,3H,L,,3H,59,67.86
3_1014,3H,L,,3H,59,67.86
3_1017,3H,L,,3H,59,67.86
3_1368,3H,L,,3H,59,67.86
3_1281,3H,L,,3H,59,67.86
2_0444,3H,L,,3H,60,68.51
1_1401,3H,L,,3H,61,69.05
1_0225,3H,L,,3H,62,69.4
1_0653,3H,L,,3H,62,69.4
2_0108,3H,L,,3H,62,69.4
2_0995,3H,L,,3H,63,69.95
3_0009,3H,L,,3H,63,69.95
1_0005,3H,L,,3H,64,71.26
1_0678,3H,L,,3H,64,71.26
1_0850,3H,L,,3H,64,71.26
1_1429,3H,L,,3H,64,71.26
2_1064,3H,L,,3H,64,71.26
1_1016,3H,L,,3H,64,71.26
2_0276,3H,L,,3H,64,71.26
2_0325,,,,3H,64,71.26
2_0639,,,,3H,64,71.26
2_1511,3H,L,,3H,64,71.26
3_1011,3H,L,,3H,64,71.26
3_1016,3H,L,,3H,64,71.26
3_1393,3H,L,,3H,64,71.26
1_0728,3H,L,,3H,65,72.21
1_0158,3H,L,,3H,66,73.3
1_0281,3H,L,,3H,66,73.3
2_0863,3H,L,,3H,66,73.3
2_1004,,,,3H,66,73.3
3_0829,3H,L,,3H,66,73.3
1_0373,3H,L,,3H,67,73.97
1_1084,3H,L,,3H,68,75.27
1_1150,3H,L,,3H,68,75.27
1_1191,3H,L,,3H,68,75.27
2_1120,,,,3H,68,75.27
3_0088,3H,L,,3H,68,75.27
2_0704,3H,L,,3H,69,76.43
2_1502,3H,L,,3H,69,76.43
1_0335,3H,L,,3H,70,77.37
1_0839,3H,L,,3H,70,77.37
1_1152,3H,L,,3H,70,77.37
1_1342,,,,3H,70,77.37
1_1391,3H,L,,3H,70,77.37
3_0005,3H,L,,3H,70,77.37
1_1284,3H,L,,3H,71,78.25
2_0608,3H,L,,3H,71,78.25
3_0616,3H,L,,3H,71,78.25
3_0788,3H,L,,3H,71,78.25
2_1305,3H,L,,3H,72,80.49
3_1153,3H,L,,3H,72,80.49
1_1394,3H,L,,3H,73,81.28
2_0931,3H,L,,3H,73,81.28
1_0172,3H,L,,3H,74,82.62
2_0017,3H,L,,3H,74,82.62
2_0351,3H,L,,3H,74,82.62
3_1242,3H,L,,3H,74,82.62
1_1314,3H,L,,3H,75,83.16
1_0200,,,,3H,76,83.58
1_0813,3H,L,,3H,76,83.58
2_0273,3H,L,,3H,76,83.58
3_1323,3H,L,,3H,76,83.58
2_0877,3H,L,,3H,77,83.8
1_1241,3H,L,,3H,78,84.22
3_0754,3H,L,,3H,78,84.22
2_0694,3H,L,,3H,79,84.98
1_0350,3H,L,,3H,80,85.4
1_0452,3H,L,,3H,80,85.4
3_1529,3H,L,,3H,80,85.4
3_1356,3H,L,,3H,80,85.4
2_0521,3H,L,,3H,81,86.03
1_0276,3H,L,,3H,82,86.57
3_0399,3H,L,,3H,82,86.57
2_0566,3H,L,,3H,83,87.15
1_0609,3H,L,,3H,84,87.8
1_0683,3H,L,,3H,84,87.8
2_0695,3H,L,,3H,84,87.8
2_0778,3H,L,,3H,84,87.8
3_0743,3H,L,,3H,84,87.8
2_1257,,,,3H,85,88.5
3_1346,3H,L,,3H,85,88.5
1_0047,3H,L,,3H,86,90.1
1_1454,3H,L,,3H,86,90.1
2_1163,,,,3H,86,90.1
2_1194,3H,L,,3H,86,90.1
2_0362,3H,L,,3H,87,90.52
2_0597,3H,L,,3H,88,91.19
2_0222,3H,L,,3H,89,91.79
1_1524,3H,L,,3H,90,92.73
2_0115,3H,L,,3H,90,92.73
2_0849,3H,L,,3H,90,92.73
3_0170,3H,L,,3H,90,92.73
1_1517,3H,L,,3H,91,93.81
2_0093,3H,L,,3H,91,93.81
2_1358,3H,L,,3H,91,93.81
3_0677,3H,L,,3H,91,93.81
3_1262,3H,L,,3H,91,93.81
3_0278,3H,L,,3H,92,95.14
2_0063,3H,L,,3H,93,97.14
1_0444,3H,L,,3H,94,98.05
1_0628,3H,L,,3H,94,98.05
1_1138,3H,L,,3H,94,98.05
2_1505,,,,3H,94,98.05
3_1299,3H,L,,3H,94,98.05
2_1348,,,,3H,95,98.66
1_0984,,,,3H,96,99.16
2_0136,3H,L,,3H,97,100.29
2_1294,3H,L,,3H,97,100.29
3_0663,3H,L,,3H,97,100.29
3_1018,3H,L,,3H,97,100.29
1_0134,3H,L,,3H,98,100.71
3_0325,3H,L,,3H,99,101.37
2_0659,3H,L,,3H,100,102.12
1_0253,3H,L,,3H,101,102.66
1_0583,3H,L,,3H,101,102.66
1_0747,3H,L,,3H,102,104.15
1_1021,3H,L,,3H,102,104.15
3_1367,3H,L,,3H,103,106
3_0250,3H,L,,3H,104,106.67
3_0090,3H,L,,3H,105,108
1_0074,3H,S,,3H,106,108.7
2_0130,3H,L,,3H,106,108.7
2_0628,3H,L,,3H,106,108.7
2_0999,3H,L,,3H,106,108.7
2_1438,3H,L,,3H,106,108.7
3_0640,3H,L,,3H,106,108.7
3_0909,3H,L,,3H,106,108.7
2_0626,3H,L,,3H,107,109.43
1_0515,3H,L,,3H,108,110.09
1_0184,3H,L,,3H,109,110.75
2_1083,,,,3H,110,111.49
2_1381,3H,L,,3H,111,112.15
2_1517,,,,3H,112,113.05
1_0344,3H,L,,3H,113,114.36
1_0662,3H,L,,3H,113,114.36
2_1495,3H,L,,3H,113,114.36
3_0342,3H,L,,3H,113,114.36
2_1493,3H,L,,3H,114,115.21
3_0119,3H,L,,3H,115,116.24
2_0009,3H,L,,3H,116,118.22
2_1513,3H,L,,3H,117,119.53
1_1392,3H,L,,3H,118,120.73
2_1081,3H,L,,3H,118,120.73
2_1212,3H,L,,3H,118,120.73
3_0423,3H,L,,3H,118,120.73
2_0023,,,,3H,119,122.7
2_1161,3H,L,,3H,119,122.7
1_0753,3H,L,,3H,120,123.37
2_0168,3H,L,,3H,121,124.04
2_1277,3H,L,,3H,121,124.04
1_0100,3H,L,,3H,122,125.11
1_0312,3H,L,,3H,122,125.11
1_1503,3H,L,,3H,122,125.11
2_0523,3H,L,,3H,122,125.11
3_0276,3H,L,,3H,122,125.11
3_0375,3H,L,,3H,122,125.11
3_1329,3H,L,,3H,123,125.86
1_0584,3H,L,,3H,124,127.26
3_0927,,,,3H,124,127.26
1_0680,3H,L,,3H,125,128.01
3_0928,,,,3H,125,128.01
1_1330,3H,L,,3H,126,129.83
3_0223,3H,L,,3H,126,129.83
3_1220,3H,L,,3H,126,129.83
3_1269,3H,L,,3H,127,130.58
2_0944,3H,L,,3H,128,131.24
3_0732,3H,L,,3H,128,131.24
3_1499,3H,L,,3H,128,131.24
1_0918,3H,L,,3H,129,132.62
2_0174,,,,3H,129,132.62
2_1405,3H,L,,3H,129,132.62
3_0274,3H,L,,3H,130,133.36
3_1525,3H,L,,3H,131,134.05
1_0044,3H,L,,3H,132,134.71
1_0754,3H,L,,3H,132,134.71
1_0821,3H,L,,3H,132,134.71
1_1172,3H,L,,3H,132,134.71
1_1338,3H,L,,3H,132,134.71
3_0084,3H,L,,3H,132,134.71
3_0924,3H,L,,3H,132,134.71
1_0867,3H,L,,3H,133,135.43
2_0413,3H,L,,3H,133,135.43
2_0650,3H,L,,3H,133,135.43
3_0096,3H,L,,3H,133,135.43
3_1238,3H,L,,3H,133,135.43
3_0507,,,,3H,134,136.18
1_0280,3H,L,,3H,135,136.92
2_0343,3H,L,,3H,135,136.92
2_0662,3H,L,,3H,135,136.92
3_0081,3H,L,,3H,135,136.92
1_0188,3H,L,,3H,136,137.74
1_0382,,,,3H,136,137.74
1_0505,3H,L,,3H,136,137.74
1_1141,3H,L,,3H,136,137.74
3_0963,3H,L,,3H,136,137.74
1_1196,3H,L,,3H,137,138.39
2_0369,3H,L,,3H,137,138.39
1_0445,,,,3H,138,139
1_0842,3H,L,,3H,138,139
2_0612,3H,L,,3H,139,139.66
1_0205,3H,L,,3H,140,141.22
1_0320,,,,3H,140,141.22
3_0973,3H,L,,3H,141,141.26
2_0527,3H,L,,3H,142,142.17
1_0122,3H,L,,3H,143,143.33
1_0381,3H,L,,3H,143,143.33
2_0409,3H,L,,3H,143,143.33
2_1428,3H,L,,3H,143,143.33
3_0092,3H,L,,3H,143,143.33
1_1127,3H,L,,3H,144,145.84
3_0860,3H,L,,3H,144,145.84
2_0085,3H,L,,3H,145,146.25
1_1154,3H,L,,3H,146,147.57
1_1328,3H,L,,3H,146,147.57
3_1251,3H,L,,3H,146,147.57
2_0228,,,,3H,147,148.79
2_0851,3H,L,,3H,147,148.79
2_0920,3H,L,,3H,147,148.79
3_0367,3H,L,,3H,148,149.45
1_0570,,,,3H,149,150.11
1_1047,3H,L,,3H,149,150.11
2_0933,,,,3H,149,150.11
2_0751,,,,3H,149,150.11
2_0788,,,,3H,149,150.11
2_1283,,,,3H,149,150.11
2_1427,3H,L,,3H,149,150.11
3_1104,,,,3H,149,150.11
3_1496,3H,L,,3H,149,150.11
3_0137,3H,L,,3H,150,151.84
1_0631,,,,3H,151,153.61
2_1060,,,,3H,151,153.61
2_1386,3H,L,,3H,152,154.44
2_1420,,,,3H,152,154.44
2_0952,3H,L,,3H,153,156.42
2_1266,3H,L,,3H,153,156.42
1_1297,,,,3H,154,156.46
2_1272,3H,L,,3H,155,157.77
2_1531,3H,L,,3H,156,158.05
2_1263,,,,3H,157,159.54
2_1376,3H,L,,3H,157,159.54
3_0841,3H,L,,3H,157,159.54
3_1500,3H,L,,3H,158,160.19
1_1510,3H,L,,3H,159,162.17
2_0088,,,,3H,159,162.17
2_0421,3H,L,,3H,159,162.17
2_0155,3H,L,,3H,160,162.83
2_0505,3H,L,,3H,160,162.83
1_1436,3H,L,,3H,161,163.49
2_1345,3H,L,,3H,161,163.49
3_0921,3H,L,,3H,161,163.49
3_0370,3H,L,,3H,162,164.15
1_0646,3H,L,,3H,163,167.33
1_0935,3H,L,,3H,163,167.33
2_0198,3H,L,,3H,163,167.33
3_0767,3H,L,,3H,163,167.33
2_1008,3H,L,,3H,164,169.29
1_0702,3H,L,,3H,165,169.95
1_1465,,,,3H,165,169.95
2_1523,,,,3H,165,169.95
3_0271,3H,L,,3H,165,169.95
3_0960,,,,3H,165,169.95
2_0605,3H,L,,3H,166,171.65
1_0629,3H,L,,3H,167,172.82
1_0681,3H,L,,3H,167,172.82
1_0893,3H,L,,3H,167,172.82
1_1410,3H,L,,3H,167,172.82
3_1388,3H,L,,3H,167,172.82
1_0014,3H,L,,3H,168,173.43
1_0694,3H,L,,3H,168,173.43
1_1411,3H,L,,3H,168,173.43
2_0423,,,,3H,168,173.43
3_0736,,,,3H,168,173.43
3_1508,,,,3H,168,173.43
2_0339,,,,3H,169,174.2
2_0057,3H,L,,3H,170,174.45
2_1267,3H,L,,3H,170,174.45
1_1516,3H,L,,3H,171,174.99
1_1000,,,,3H,172,175.7
2_1379,,,,3H,172,175.7
2_0176,3H,L,,3H,172,175.7
3_0229,3H,L,,3H,173,177.01
1_0423,3H,L,,3H,174,177.33
3_1341,,,,3H,175,177.5
2_1500,3H,L,,3H,176,178.25
3_0055,3H,L,,3H,177,178.99
1_0767,3H,L,,3H,178,179.16
1_0039,,,,3H,179,179.81
1_0215,3H,L,,3H,179,179.81
2_1387,,,,3H,179,179.81
3_1296,,,,3H,179,179.81
1_0343,3H,L,,3H,179,179.81
3_0135,3H,L,,3H,179,179.81
1_0283,3H,L,,3H,180,180.12
2_0345,3H,L,,3H,180,180.12
2_1362,3H,L,,3H,180,180.12
2_1117,4H,S,,4H,1,0
3_0764,4H,S,,4H,1,0
3_1324,4H,S,,4H,2,0.75
2_0145,4H,S,,4H,3,1.2
1_0208,4H,S,,4H,4,2.6
2_1056,4H,S,,4H,4,2.6
1_0409,,,,4H,5,3.2
2_1228,4H,S,,4H,6,3.8
1_1345,4H,S,,4H,7,5.23
3_0140,4H,S,,4H,8,5.54
2_0274,4H,S,,4H,9,6.86
3_1486,4H,S,,4H,9,6.86
1_1485,4H,S,,4H,10,10.77
1_0319,4H,S,,4H,11,11.04
1_0490,4H,S,,4H,12,12.34
1_1300,4H,S,,4H,12,12.34
3_1458,4H,S,,4H,12,12.34
3_0540,4H,S,,4H,13,14.88
1_1397,,,,4H,14,15.62
3_0150,4H,S,,4H,15,16.96
1_0113,4H,S,,4H,16,19.45
1_0223,4H,S,,4H,16,19.45
1_0738,4H,S,,4H,16,19.45
2_1359,4H,S,,4H,17,20.44
2_0557,4H,S,,4H,18,20.87
1_0574,4H,S,,4H,19,21.53
3_1291,4H,S,,4H,20,22.27
1_0221,4H,S,,4H,21,22.93
1_1199,4H,S,,4H,22,23.96
1_1136,4H,S,,4H,23,24.71
3_1129,,,,4H,23,24.71
2_1458,4H,S,,4H,24,25.45
1_0132,4H,S,,4H,25,26.2
1_0562,4H,S,,4H,25,26.2
1_0626,4H,S,,4H,25,26.2
1_1060,4H,S,,4H,25,26.2
3_0394,4H,S,,4H,25,26.2
2_1385,4H,S,,4H,25,26.2
1_1175,4H,S,,4H,26,26.71
2_0210,4H,S,,4H,26,26.71
2_0302,4H,S,,4H,27,28
2_0606,4H,S,,4H,27,28
2_1070,4H,S,,4H,27,28
2_0422,4H,S,,4H,27,28
2_0680,4H,S,,4H,28,28.75
2_1418,4H,S,,4H,28,28.75
2_0109,,,,4H,29,29.34
2_0777,4H,S,,4H,30,29.76
1_0031,4H,S,,4H,31,30.37
1_0395,4H,S,,4H,31,30.37
2_1374,4H,S,,4H,31,30.37
3_0907,4H,S,,4H,31,30.37
2_0411,4H,S,,4H,31,30.37
2_0001,4H,S,,4H,32,31.69
3_1313,4H,S,,4H,33,32.92
3_1164,4H,S,,4H,34,33.35
2_1389,4H,S,,4H,35,34.38
2_1122,4H,S,,4H,36,35.24
2_1397,4H,S,,4H,36,35.24
3_0863,4H,S,,4H,36,35.24
3_0864,4H,S,,4H,36,35.24
3_0865,4H,S,,4H,36,35.24
1_0810,4H,S,,4H,37,37.88
1_0860,4H,S,,4H,37,37.88
3_1439,,,,4H,37,37.88
3_1524,4H,S,,4H,38,41.55
1_1382,4H,S,,4H,39,42.22
3_0992,4H,S,,4H,40,43.06
1_0171,4H,S,,4H,41,43.72
1_0347,4H,S,,4H,41,43.72
2_0012,4H,S,,4H,41,43.72
2_0445,,,,4H,41,43.72
1_0371,4H,S,,4H,42,44.33
1_0063,4H,S,,4H,43,44.99
2_0011,4H,S,,4H,43,44.99
2_0114,4H,S,,4H,43,44.99
2_0180,4H,S,,4H,43,44.99
2_0240,4H,S,,4H,43,44.99
3_0328,4H,S,,4H,44,45.65
1_0048,4H,S,,4H,45,46.97
3_0187,4H,S,,4H,45,46.97
1_1180,4H,S,,4H,46,48.77
3_0993,4H,S,,4H,47,49.43
1_0668,4H,S,,4H,48,50.22
1_0793,4H,S,,4H,48,50.22
1_1112,4H,S,,4H,49,51.53
2_0939,4H,S,,4H,49,51.53
2_1490,4H,S,,4H,50,52.39
1_1405,,,,4H,51,53.28
3_0564,4H,S,,4H,51,53.28
1_0261,4H,S,,4H,52,53.94
3_0331,4H,S,,4H,52,53.94
3_0777,4H,S,,4H,52,53.94
3_1382,4H,S,,4H,52,53.94
1_0432,4H,S,,4H,53,54.73
1_0577,4H,S,,4H,53,54.73
1_0756,4H,S,,4H,53,54.73
1_0667,4H,S,,4H,53,54.73
2_0269,4H,S,,4H,53,54.73
2_1073,4H,S,,4H,53,54.73
2_0782,4H,S,,4H,54,54.94
2_1071,4H,S,,4H,54,54.94
1_0942,4H,S,,4H,55,55.15
2_0853,4H,S,,4H,56,55.58
1_0028,4H,S,,4H,57,56.22
1_0413,,,,4H,57,56.22
1_0037,,,,4H,57,56.22
1_0492,,,,4H,57,56.22
2_0426,,,,4H,57,56.22
1_0093,4H,S,,4H,57,56.22
1_0195,4H,S,,4H,57,56.22
2_0156,4H,S,,4H,57,56.22
3_0605,4H,L,,4H,57,56.22
3_0684,4H,L,,4H,57,56.22
3_0878,4H,S,,4H,57,56.22
1_0411,4H,L,,4H,57,56.22
1_0424,,,,4H,57,56.22
1_0509,4H,L,,4H,57,56.22
2_1254,4H,S,,4H,57,56.22
1_1042,4H,L,,4H,57,56.22
1_1332,4H,L,,4H,57,56.22
1_1063,4H,L,,4H,57,56.22
1_1190,4H,L,,4H,57,56.22
2_0525,4H,L,,4H,57,56.22
2_0831,4H,L,,4H,57,56.22
2_1029,4H,S,,4H,57,56.22
2_1442,4H,S,,4H,57,56.22
3_0488,4H,S,,4H,57,56.22
3_0525,4H,S,,4H,57,56.22
3_1026,4H,S,,4H,57,56.22
3_1156,4H,L,,4H,57,56.22
2_0496,4H,L,,4H,57,56.22
2_1303,4H,L,,4H,57,56.22
3_1360,4H,S,,4H,57,56.22
3_0450,4H,L,,4H,58,56.88
3_0866,4H,L,,4H,58,56.88
2_1137,4H,L,,4H,59,57.54
1_0379,4H,L,,4H,60,58.2
1_0480,4H,L,,4H,60,58.2
1_0607,4H,L,,4H,60,58.2
2_0289,4H,L,,4H,60,58.2
1_0946,4H,L,,4H,61,59.06
1_0197,,,,4H,62,59.8
1_1114,4H,L,,4H,62,59.8
3_0427,4H,L,,4H,62,59.8
1_0881,4H,L,,4H,63,60.49
1_1232,4H,L,,4H,64,61.56
1_1244,4H,L,,4H,64,61.56
2_0610,4H,L,,4H,64,61.56
1_0568,4H,L,,4H,65,62.15
1_0046,4H,L,,4H,66,62.81
1_0426,4H,L,,4H,66,62.81
1_0637,4H,L,,4H,66,62.81
3_0839,4H,L,,4H,66,62.81
2_0363,,,,4H,66,62.81
2_0898,4H,L,,4H,66,62.81
2_1481,4H,L,,4H,66,62.81
3_0060,4H,L,,4H,66,62.81
3_1297,4H,L,,4H,66,62.81
3_0995,4H,L,,4H,66,62.81
3_1462,4H,L,,4H,66,62.81
1_0262,4H,L,,4H,67,63.44
1_0088,4H,L,,4H,68,63.79
1_0807,5H,S,,4H,68,63.79
1_0809,4H,L,,4H,68,63.79
2_0020,4H,L,,4H,68,63.79
2_0135,4H,L,,4H,68,63.79
2_0450,4H,L,,4H,69,64
2_0472,4H,L,,4H,69,64
2_0412,4H,L,,4H,70,64.64
1_0527,4H,L,,4H,71,65.28
1_0914,4H,L,,4H,71,65.28
1_1108,4H,L,,4H,71,65.28
3_0034,,,,4H,72,65.94
2_0361,4H,L,,4H,73,68.19
2_1010,4H,L,,4H,73,68.19
3_0282,,,,4H,73,68.19
2_1400,,,,4H,74,68.84
1_0500,4H,L,,4H,75,69.14
1_1427,4H,L,,4H,76,69.24
2_0482,4H,L,,4H,76,69.24
2_1191,4H,L,,4H,77,70.77
3_0054,4H,L,,4H,77,70.77
3_0237,4H,L,,4H,77,70.77
2_0453,4H,L,,4H,78,71.71
2_1296,4H,L,,4H,78,71.71
2_1087,4H,L,,4H,78,71.71
2_1273,4H,L,,4H,78,71.71
1_1207,4H,L,,4H,79,72.36
3_0706,,,,4H,79,72.36
3_1186,4H,L,,4H,79,72.36
2_0820,4H,L,,4H,80,73.03
2_0062,4H,L,,4H,81,73.62
2_0723,4H,L,,4H,81,73.62
2_0924,4H,L,,4H,82,75.44
1_0639,,,,4H,83,76.09
1_0052,4H,L,,4H,84,76.31
1_0053,4H,L,,4H,84,76.31
1_0846,4H,L,,4H,84,76.31
1_1431,4H,L,,4H,84,76.31
2_0098,,,,4H,84,76.31
3_0620,4H,L,,4H,84,76.31
3_1515,4H,L,,4H,84,76.31
1_1070,4H,L,,4H,85,77
3_0455,4H,L,,4H,85,77
1_0010,4H,L,,4H,86,77.66
3_0755,4H,L,,4H,86,77.66
3_0904,4H,L,,4H,86,77.66
3_0905,4H,L,,4H,86,77.66
3_0906,4H,L,,4H,86,77.66
3_1385,4H,L,,4H,86,77.66
3_1493,4H,L,,4H,86,77.66
2_0906,4H,L,,4H,87,77.87
1_0606,4H,L,,4H,88,78.08
1_1229,4H,L,,4H,88,78.08
2_0072,4H,L,,4H,88,78.08
1_1224,4H,L,,4H,89,78.5
1_0627,4H,L,,4H,90,79.47
2_0073,,,,4H,90,79.47
2_0717,,,,4H,90,79.47
3_0693,4H,L,,4H,90,79.47
3_1536,4H,L,,4H,90,79.47
2_0451,4H,L,,4H,90,79.47
2_0580,4H,L,,4H,90,79.47
1_1513,4H,L,,4H,91,80.73
2_1504,4H,L,,4H,91,80.73
1_0467,4H,L,,4H,92,82.81
2_0740,4H,L,,4H,92,82.81
1_0829,4H,L,,4H,93,83.75
3_0994,4H,L,,4H,93,83.75
3_1258,4H,L,,4H,93,83.75
3_1362,4H,L,,4H,93,83.75
1_0309,4H,L,,4H,94,85.07
2_0815,,,,4H,94,85.07
1_0090,4H,L,,4H,95,86.01
1_1319,,,,4H,95,86.01
2_0143,4H,L,,4H,95,86.01
2_0207,,,,4H,95,86.01
2_1353,4H,L,,4H,95,86.01
3_0136,4H,L,,4H,95,86.01
3_1231,4H,L,,4H,95,86.01
1_1004,4H,L,,4H,96,86.66
1_0247,4H,L,,4H,97,87.01
2_1332,4H,L,,4H,97,87.01
1_0523,4H,L,,4H,98,88.3
3_1148,4H,L,,4H,98,88.3
1_0170,4H,L,,4H,99,88.7
3_0787,4H,L,,4H,99,88.7
1_1500,4H,L,,4H,100,89.36
3_0226,4H,L,,4H,100,89.36
1_1526,4H,L,,4H,101,90.1
2_0670,4H,L,,4H,102,90.11
2_0197,4H,L,,4H,103,90.77
2_0718,,,,4H,103,90.77
1_0724,4H,L,,4H,104,91.42
3_1246,4H,L,,4H,105,92.41
1_0723,4H,L,,4H,106,93.08
2_0689,4H,L,,4H,106,93.08
3_0390,4H,L,,4H,106,93.08
1_0670,4H,L,,4H,107,94.07
2_1151,,,,4H,107,94.07
1_1213,4H,L,,4H,108,95.22
2_0178,4H,L,,4H,108,95.22
1_0022,4H,L,,4H,109,95.27
2_0765,,,,4H,110,95.77
2_0358,,,,4H,111,96.42
1_0751,4H,L,,4H,112,97.05
1_1398,,,,4H,112,97.05
1_0588,4H,L,,4H,113,97.52
3_0138,4H,L,,4H,114,98.7
2_0384,4H,L,,4H,115,99.36
2_0732,4H,L,,4H,116,100.23
1_1168,,,,4H,117,100.97
3_0142,4H,L,,4H,117,100.97
3_0232,4H,L,,4H,117,100.97
3_0718,4H,L,,4H,118,102.26
1_0271,4H,L,,4H,119,102.93
1_0785,4H,L,,4H,119,102.93
1_0824,4H,L,,4H,119,102.93
3_0554,4H,L,,4H,119,102.93
2_1331,,,,4H,120,104.42
3_0584,4H,L,,4H,121,105.17
3_0046,4H,L,,4H,122,105.83
2_0838,4H,L,,4H,123,107.14
2_1243,4H,L,,4H,124,107.68
3_0114,4H,L,,4H,124,107.68
3_0117,,,,4H,125,108.34
2_0762,4H,L,,4H,126,109
1_0666,4H,L,,4H,127,109.65
1_1292,4H,L,,4H,127,109.65
2_0119,4H,L,,4H,127,109.65
3_0158,4H,L,,4H,127,109.65
1_1470,4H,L,,4H,128,111.13
2_0454,4H,L,,4H,128,111.13
1_0614,4H,L,,4H,129,111.81
1_1139,4H,L,,4H,129,111.81
3_0990,4H,L,,4H,129,111.81
1_1183,4H,L,,4H,129,111.81
3_0539,4H,L,,4H,129,111.81
3_0987,4H,L,,4H,129,111.81
3_0988,4H,L,,4H,129,111.81
2_0515,4H,L,,4H,130,112.22
1_0510,4H,L,,4H,131,112.88
1_0334,4H,L,,4H,132,113.95
2_1111,4H,L,,4H,132,113.95
3_1139,4H,L,,4H,133,114.61
2_0044,,,,4H,134,115.37
2_0974,4H,L,,4H,135,116.68
1_1194,4H,L,,4H,136,117.61
3_0385,4H,L,,4H,137,118.31
3_1138,4H,L,,4H,138,118.95
1_1299,4H,L,,4H,139,119.62
1_0123,4H,L,,4H,140,130.81
1_0387,4H,L,,4H,140,130.81
1_1233,4H,L,,4H,140,130.81
2_0237,,,,4H,140,130.81
3_0006,4H,L,,4H,140,130.81
1_0712,4H,L,,4H,141,132.78
1_1235,4H,L,,4H,142,133.52
2_0701,4H,L,,4H,142,133.52
1_1066,4H,L,,4H,143,134.55
2_0883,,,,4H,143,134.55
2_1035,4H,L,,4H,143,134.55
1_0611,4H,L,,4H,144,135.58
1_0697,4H,L,,4H,144,135.58
3_0146,4H,L,,4H,144,135.58
2_1130,4H,L,,4H,145,137.21
1_0269,,,,4H,146,138.7
2_0224,,,,4H,146,138.7
2_0760,4H,L,,4H,146,138.7
2_1210,4H,L,,4H,146,138.7
2_1534,4H,L,,4H,146,138.7
2_0007,4H,L,,4H,147,139.32
2_1450,4H,L,,4H,147,139.32
1_0610,4H,L,,4H,148,139.97
3_0425,4H,L,,4H,148,139.97
3_0476,4H,L,,4H,148,139.97
3_0808,,,,4H,148,139.97
3_0887,,,,4H,148,139.97
3_0888,,,,4H,148,139.97
3_0889,,,,4H,148,139.97
3_0890,,,,4H,148,139.97
3_0892,,,,4H,148,139.97
2_0272,4H,L,,4H,149,141.29
3_0873,4H,L,,4H,150,142.6
3_0884,,,,4H,150,142.6
3_0891,,,,4H,150,142.6
3_0020,,,,4H,151,143.35
3_0239,2H,S,,4H,151,143.35
3_0886,,,,4H,151,143.35
3_1422,4H,L,,4H,152,144.09
1_1186,4H,L,,4H,153,144.4
2_0089,4H,L,,4H,154,145.7
2_0668,4H,L,,4H,154,145.7
1_1019,4H,L,,4H,155,146.48
2_0013,4H,L,,4H,155,146.48
2_0619,,,,4H,155,146.48
3_0824,4H,L,,4H,155,146.48
3_0825,4H,L,,4H,155,146.48
3_0163,5H,S,,5H,1,0
2_0894,5H,S,,5H,2,1.26
2_0226,5H,S,,5H,3,1.91
2_0553,5H,S,,5H,3,1.91
3_0543,5H,S,,5H,3,1.91
3_0976,5H,S,,5H,3,1.91
3_0980,5H,S,,5H,3,1.91
3_0984,5H,S,,5H,4,3.41
3_0001,5H,S,,5H,5,4.15
3_0979,5H,S,,5H,5,4.15
3_0975,5H,S,,5H,5,4.15
3_1023,5H,S,,5H,5,4.15
3_0977,5H,S,,5H,5,4.15
3_0983,5H,S,,5H,5,4.15
2_0582,,,,5H,6,6.36
2_1221,5H,S,,5H,6,6.36
3_0591,5H,S,,5H,6,6.36
2_0206,5H,S,,5H,7,7.26
2_1202,5H,S,,5H,8,7.84
1_1381,5H,S,,5H,9,8.25
2_0533,5H,S,,5H,10,10.08
2_1327,,,,5H,11,11.45
3_1094,5H,S,,5H,11,11.45
2_0010,5H,S,,5H,12,12.8
3_0714,5H,S,,5H,13,13.83
2_1365,5H,S,,5H,14,16.15
1_0695,5H,S,,5H,15,19.82
3_0167,5H,S,,5H,16,20.48
2_0873,5H,S,,5H,17,21.14
2_1065,5H,S,,5H,17,21.14
1_0974,5H,S,,5H,18,21.68
2_1426,5H,S,,5H,18,21.68
3_0531,5H,S,,5H,19,22.71
1_1048,5H,S,,5H,20,24.76
2_0386,5H,S,,5H,20,24.76
2_1324,5H,S,,5H,21,25.42
2_0576,5H,S,,5H,22,25.49
1_0530,5H,S,,5H,23,27.91
1_0499,5H,S,,5H,24,28.98
1_0688,5H,S,,5H,24,28.98
1_0580,5H,S,,5H,25,29.9
1_0621,5H,S,,5H,26,31.2
3_0410,5H,S,,5H,26,31.2
2_0845,5H,S,,5H,27,33.55
2_0980,5H,S,,5H,27,33.55
2_1391,5H,S,,5H,27,33.55
2_0730,5H,S,,5H,28,33.71
1_1318,5H,S,,5H,29,34.69
1_0864,5H,S,,5H,30,35.39
3_0838,5H,S,,5H,30,35.39
2_0770,5H,S,,5H,31,35.88
2_1253,5H,S,,5H,32,36.72
3_0707,5H,S,,5H,32,36.72
2_0729,5H,S,,5H,33,37.23
1_0260,5H,S,,5H,34,38.78
1_0955,5H,S,,5H,34,38.78
1_1432,5H,S,,5H,34,38.78
2_0571,5H,S,,5H,34,38.78
2_0903,5H,S,,5H,34,38.78
2_1403,,,,5H,34,38.78
3_0654,5H,S,,5H,34,38.78
2_0766,5H,S,,5H,34,38.78
3_0105,5H,S,,5H,34,38.78
3_1492,5H,S,,5H,34,38.78
2_0987,5H,S,,5H,34,38.78
3_1312,5H,S,,5H,34,38.78
2_1372,5H,S,,5H,35,39.48
3_1257,5H,S,,5H,35,39.48
1_0923,5H,S,,5H,36,40.14
3_1155,5H,S,,5H,36,40.14
3_1244,,,,5H,36,40.14
1_1198,5H,S,,5H,36,40.14
2_1401,5H,S,,5H,36,40.14
1_0116,5H,S,,5H,37,41.45
2_0101,5H,S,,5H,37,41.45
2_0841,5H,S,,5H,37,41.45
2_1308,5H,S,,5H,37,41.45
2_1447,5H,S,,5H,37,41.45
3_0354,5H,S,,5H,37,41.45
3_0729,5H,S,,5H,37,41.45
3_0454,5H,S,,5H,37,41.45
3_1390,5H,S,,5H,37,41.45
3_1512,5H,S,,5H,37,41.45
3_1423,5H,S,,5H,37,41.45
2_0697,5H,S,,5H,38,41.87
1_0058,5H,B,,5H,39,42.41
2_1215,5H,L,,5H,39,42.41
1_0157,5H,S,,5H,39,42.41
1_0177,5H,S,,5H,39,42.41
1_0240,5H,S,,5H,39,42.41
1_0252,5H,S,,5H,39,42.41
1_0318,5H,S,,5H,39,42.41
1_0856,5H,S,,5H,39,42.41
1_0913,,,,5H,39,42.41
1_1469,5H,L,,5H,39,42.41
2_0524,5H,L,,5H,39,42.41
2_1040,5H,S,,5H,39,42.41
1_0481,5H,B,,5H,39,42.41
2_0875,,,,5H,39,42.41
3_1520,5H,S,,5H,39,42.41
1_0661,5H,L,,5H,39,42.41
2_0129,5H,S,,5H,39,42.41
2_0958,5H,S,,5H,39,42.41
1_0806,,,,5H,39,42.41
1_0995,5H,S,,5H,39,42.41
1_1129,,,,5H,39,42.41
2_1322,,,,5H,39,42.41
1_1399,5H,S,,5H,39,42.41
1_1462,5H,L,,5H,39,42.41
3_0109,5H,L,,5H,39,42.41
3_0337,5H,S,,5H,39,42.41
3_0709,5H,S,,5H,39,42.41
3_0768,5H,S,,5H,39,42.41
3_0792,5H,S,,5H,39,42.41
2_0179,5H,L,,5H,39,42.41
2_0461,5H,L,,5H,39,42.41
2_0700,5H,S,,5H,39,42.41
2_0708,5H,B,,5H,39,42.41
2_1011,5H,S,,5H,39,42.41
2_1350,5H,S,,5H,39,42.41
2_1116,5H,S,,5H,39,42.41
3_0193,5H,L,,5H,39,42.41
3_0717,5H,L,,5H,39,42.41
3_0408,5H,L,,5H,39,42.41
3_0575,5H,L,,5H,39,42.41
3_1259,5H,L,,5H,39,42.41
3_0728,,,,5H,39,42.41
3_1317,5H,L,,5H,39,42.41
1_1204,,,,5H,40,43.15
1_1260,5H,L,,5H,40,43.15
2_1318,5H,L,,5H,41,44.23
3_0214,5H,L,,5H,42,44.89
2_0059,5H,L,,5H,43,45.64
2_0396,,,,5H,43,45.64
2_1536,5H,L,,5H,44,46.38
3_1117,5H,L,,5H,44,46.38
1_0264,5H,L,,5H,45,47.04
2_0737,5H,L,,5H,45,47.04
1_0508,5H,L,,5H,45,47.04
1_1128,5H,L,,5H,46,47.47
2_0239,5H,L,,5H,46,47.47
1_1506,5H,L,,5H,47,47.68
2_0332,5H,L,,5H,48,49.16
2_1260,5H,L,,5H,48,49.16
2_0105,5H,L,,5H,49,49.83
1_0079,5H,L,,5H,50,50.53
1_0237,,,,5H,50,50.53
1_0671,5H,L,,5H,50,50.53
1_0840,,,,5H,50,50.53
2_0306,5H,L,,5H,50,50.53
2_0372,5H,L,,5H,50,50.53
3_0644,5H,L,,5H,50,50.53
3_0700,5H,L,,5H,50,50.53
3_0747,5H,L,,5H,50,50.53
3_1503,,,,5H,50,50.53
2_1148,5H,L,,5H,50,50.53
3_0538,5H,L,,5H,50,50.53
3_1183,5H,L,,5H,50,50.53
1_0034,5H,L,,5H,51,51.51
1_0899,5H,L,,5H,51,51.51
1_1151,5H,L,,5H,51,51.51
1_1363,5H,L,,5H,51,51.51
2_0981,5H,L,,5H,51,51.51
3_0111,5H,L,,5H,51,51.51
3_1062,5H,L,,5H,51,51.51
3_1064,5H,L,,5H,51,51.51
3_1451,5H,L,,5H,51,51.51
1_1240,5H,L,,5H,51,51.51
1_1512,5H,L,,5H,51,51.51
2_0283,5H,L,,5H,51,51.51
2_0961,5H,L,,5H,51,51.51
2_0501,5H,L,,5H,51,51.51
2_1200,5H,L,,5H,51,51.51
2_1244,5H,L,,5H,51,51.51
3_0312,,,,5H,51,51.51
3_0515,5H,L,,5H,51,51.51
3_1309,,,,5H,51,51.51
3_1340,5H,L,,5H,51,51.51
1_1221,5H,L,,5H,51,51.51
1_1523,,,,5H,52,52.11
1_0725,5H,L,,5H,53,52.86
1_1089,5H,L,,5H,53,52.86
3_1032,5H,L,,5H,53,52.86
3_1034,5H,L,,5H,53,52.86
3_1035,5H,L,,5H,53,52.86
1_1159,5H,L,,5H,53,52.86
1_1385,5H,L,,5H,53,52.86
2_1508,,,,5H,53,52.86
3_0011,5H,L,,5H,53,52.86
3_1033,5H,L,,5H,53,52.86
3_1280,5H,L,,5H,53,52.86
2_0265,5H,L,,5H,54,53.84
2_1344,5H,L,,5H,54,53.84
1_1281,5H,L,,5H,55,54.77
2_0441,5H,L,,5H,55,54.77
3_0745,5H,L,,5H,56,55.44
2_0713,5H,L,,5H,57,56.77
3_1477,5H,L,,5H,57,56.77
2_1036,5H,L,,5H,58,57.04
2_1275,5H,L,,5H,59,57.89
2_1121,5H,L,,5H,60,58.65
1_0203,5H,L,,5H,61,59.72
2_0278,5H,L,,5H,61,59.72
1_0641,5H,L,,5H,61,59.72
1_1438,,,,5H,61,59.72
1_1249,5H,L,,5H,62,60.21
2_0279,,,,5H,62,60.21
2_0392,,,,5H,62,60.21
2_1239,5H,L,,5H,62,60.21
3_0007,5H,L,,5H,62,60.21
3_0966,,,,5H,62,60.21
3_0080,5H,L,,5H,62,60.21
2_0350,5H,L,,5H,63,61.88
1_0548,5H,L,,5H,64,62.62
2_0297,5H,L,,5H,65,63.33
3_0719,5H,L,,5H,65,63.33
1_0953,5H,L,,5H,66,63.93
2_0367,5H,L,,5H,66,63.93
2_1001,5H,L,,5H,66,63.93
2_1309,5H,B,,5H,67,64.77
2_0818,5H,L,,5H,68,64.79
3_0252,,,,5H,68,64.79
1_0183,,,,5H,69,67.66
2_1133,5H,L,,5H,69,67.66
1_0127,,,,5H,70,68.21
1_0634,5H,L,,5H,70,68.21
2_0236,5H,L,,5H,70,68.21
2_1128,5H,L,,5H,70,68.21
1_0633,5H,L,,5H,71,69.29
2_0096,5H,L,,5H,72,70.9
1_0140,5H,L,,5H,73,71.93
1_0167,5H,L,,5H,73,71.93
2_0246,5H,L,,5H,73,71.93
1_1515,5H,L,,5H,74,72.68
2_0736,5H,L,,5H,74,72.68
2_0645,5H,L,,5H,75,74.83
2_1186,5H,L,,5H,75,74.83
2_1445,5H,B,,5H,75,74.83
3_0314,5H,L,,5H,75,74.83
1_1355,5H,L,,5H,76,77.75
1_1135,,,,5H,77,78.19
2_1480,,,,5H,77,78.19
3_1427,5H,L,,5H,78,79.52
1_0674,5H,L,,5H,79,80.18
3_1361,5H,L,,5H,79,80.18
1_0524,,,,5H,80,82.42
1_0930,5H,L,,5H,81,83.17
1_1106,5H,L,,5H,81,83.17
2_1497,5H,L,,5H,81,83.17
1_1290,5H,L,,5H,81,83.17
2_1150,,,,5H,81,83.17
1_0578,5H,L,,5H,82,83.8
2_0497,5H,L,,5H,83,84.45
1_1134,5H,L,,5H,84,86.08
2_0526,5H,L,,5H,84,86.08
3_1271,5H,L,,5H,84,86.08
3_0533,5H,L,,5H,85,86.74
1_0518,5H,L,,5H,86,88.05
1_0771,5H,L,,5H,86,88.05
2_0097,5H,L,,5H,86,88.05
3_0834,5H,L,,5H,86,88.05
1_1473,5H,L,,5H,87,89.37
1_0790,,,,5H,88,89.66
1_0408,5H,L,,5H,89,90.07
2_0449,5H,L,,5H,89,90.07
2_0850,,,,5H,89,90.07
1_0622,5H,L,,5H,90,91.33
2_1421,,,,5H,91,91.98
1_0414,5H,L,,5H,92,93.22
2_0327,5H,L,,5H,92,93.22
1_1350,5H,L,,5H,93,93.66
2_0018,5H,L,,5H,93,93.66
2_0403,5H,L,,5H,94,94.4
3_0098,5H,L,,5H,94,94.4
1_0077,5H,L,,5H,95,95.11
2_0134,5H,L,,5H,95,95.11
2_0549,5H,L,,5H,95,95.11
2_0795,5H,L,,5H,96,95.52
1_0024,5H,L,,5H,97,96.12
2_1314,5H,L,,5H,97,96.12
3_0537,,,,5H,97,96.12
3_0855,5H,L,,5H,97,96.12
3_1417,5H,L,,5H,97,96.12
1_0844,5H,L,,5H,98,97.49
2_1321,5H,L,,5H,98,97.49
1_0834,5H,L,,5H,99,98.2
2_1168,5H,L,,5H,99,98.2
3_0846,,,,5H,99,98.2
3_0847,5H,L,,5H,99,98.2
3_0852,5H,L,,5H,99,98.2
3_0854,5H,L,,5H,99,98.2
3_0850,5H,L,,5H,99,98.2
2_0320,5H,L,,5H,100,98.85
2_1061,5H,L,,5H,101,99.39
1_0507,5H,L,,5H,102,103.01
1_0871,,,,5H,102,103.01
2_0805,5H,B,,5H,102,103.01
2_1139,,,,5H,102,103.01
2_1439,,,,5H,102,103.01
3_0705,5H,L,,5H,102,103.01
3_0807,,,,5H,102,103.01
3_1236,5H,L,,5H,102,103.01
1_0752,5H,L,,5H,103,103.74
1_1273,5H,L,,5H,104,105.69
2_1390,,,,5H,105,106.36
1_0477,5H,B,,5H,106,107.19
3_0056,5H,L,,5H,106,107.19
3_0456,5H,L,,5H,106,107.19
1_1341,5H,L,,5H,107,108.28
3_0619,5H,L,,5H,107,108.28
1_1200,5H,L,,5H,108,109.48
1_1245,5H,L,,5H,109,113.51
1_0094,,,,5H,110,114.14
2_0629,5H,L,,5H,111,114.82
1_1298,5H,L,,5H,112,115.45
2_0637,5H,L,,5H,113,115.76
2_0127,5H,L,,5H,114,116.66
3_0524,5H,L,,5H,114,116.66
3_1278,5H,L,,5H,115,117.32
1_1507,5H,L,,5H,116,118.16
2_1422,,,,5H,117,118.9
1_0361,,,,5H,118,119.65
2_0405,,,,5H,118,119.65
2_0045,5H,L,,5H,118,119.65
1_1456,5H,L,,5H,119,120.35
3_0377,5H,L,,5H,120,121.01
1_0228,,,,5H,121,121.67
1_1535,5H,L,,5H,121,121.67
3_0169,5H,L,,5H,121,121.67
1_0285,,,,5H,121,121.67
3_0590,5H,L,,5H,121,121.67
1_0360,5H,L,,5H,121,121.67
2_0347,5H,L,,5H,121,121.67
1_1024,5H,L,,5H,121,121.67
2_0003,5H,L,,5H,121,121.67
2_0653,5H,L,,5H,121,121.67
2_1203,5H,L,,5H,121,121.67
3_0611,5H,L,,5H,121,121.67
1_0805,5H,L,,5H,122,122.33
2_0300,5H,L,,5H,122,122.33
1_1375,,,,5H,123,123.12
2_1325,5H,L,,5H,123,123.12
1_0045,,,,5H,124,123.78
3_0067,5H,L,,5H,124,123.78
1_1472,,,,5H,125,123.98
1_0146,5H,L,,5H,126,124.43
1_0705,5H,L,,5H,127,125.09
1_1090,5H,L,,5H,127,125.09
2_0259,5H,L,,5H,127,125.09
2_1177,,,,5H,127,125.09
2_1471,5H,L,,5H,127,125.09
2_0298,5H,L,,5H,127,125.09
2_1247,5H,L,,5H,127,125.09
1_0521,,,,5H,128,129.61
1_0783,5H,L,,5H,129,130.32
2_0487,5H,L,,5H,129,130.32
3_0883,4H,L,,5H,129,130.32
1_1080,5H,L,,5H,130,130.98
2_0188,,,,5H,130,130.98
3_0668,5H,L,,5H,130,130.98
3_0869,5H,L,,5H,130,130.98
1_1448,5H,L,,5H,131,131.64
2_1241,5H,L,,5H,131,131.64
1_0095,5H,L,,5H,132,132.32
1_0855,3H,S,,5H,132,132.32
2_0884,5H,L,,5H,132,132.32
3_0929,5H,L,,5H,132,132.32
3_0930,5H,L,,5H,132,132.32
3_1237,5H,L,,5H,132,132.32
3_1364,,,,5H,132,132.32
3_0635,5H,L,,5H,133,135.62
1_0755,5H,L,,5H,134,136.94
1_0845,5H,L,,5H,134,136.94
1_1532,5H,L,,5H,134,136.94
1_1071,5H,L,,5H,134,136.94
2_1289,5H,L,,5H,134,136.94
3_1366,5H,L,,5H,134,136.94
2_0551,5H,L,,5H,135,138.25
3_1465,,,,5H,135,138.25
1_0658,,,,5H,136,139
1_0819,5H,B,,5H,136,139
2_0375,5H,L,,5H,136,139
3_0556,5H,L,,5H,136,139
1_0292,5H,L,,5H,137,139.63
3_1217,5H,L,,5H,137,139.63
1_0004,,,,5H,138,140.14
1_0098,,,,5H,138,140.14
1_1092,5H,L,,5H,138,140.14
3_0833,5H,L,,5H,138,140.14
2_0008,,,,5H,139,141.48
1_0104,5H,L,,5H,140,141.88
2_0676,5H,L,,5H,140,141.88
2_0731,5H,L,,5H,140,141.88
3_1182,5H,L,,5H,140,141.88
3_1234,,,,5H,140,141.88
2_0830,5H,L,,5H,141,142.54
1_0080,5H,B,,5H,142,143.29
1_0476,,,,5H,142,143.29
2_0568,,,,5H,142,143.29
1_1441,,,,5H,142,143.29
2_0081,,,,5H,142,143.29
2_0638,,,,5H,142,143.29
2_1077,,,,5H,142,143.29
2_1462,5H,L,,5H,142,143.29
3_1050,5H,L,,5H,142,143.29
3_0400,5H,L,,5H,143,143.94
3_0580,5H,L,,5H,143,143.94
1_0557,5H,L,,5H,144,144.6
2_0100,,,,5H,144,144.6
3_1206,5H,L,,5H,144,144.6
2_0791,5H,L,,5H,145,145.9
2_1297,5H,L,,5H,145,145.9
2_0388,5H,L,,5H,146,146.55
1_0333,5H,L,,5H,147,147.49
1_0363,5H,L,,5H,147,147.49
1_0904,5H,L,,5H,147,147.49
3_0183,5H,L,,5H,147,147.49
2_1360,,,,5H,147,147.49
2_1514,5H,L,,5H,147,147.49
3_0062,5H,L,,5H,147,147.49
3_1165,5H,L,,5H,147,147.49
3_0795,5H,L,,5H,148,148.58
3_1221,5H,L,,5H,148,148.58
3_0830,5H,L,,5H,149,149.27
1_0016,5H,L,,5H,150,149.94
1_0217,5H,L,,5H,150,149.94
1_0589,5H,L,,5H,150,149.94
2_0104,5H,L,,5H,150,149.94
2_1355,5H,L,,5H,150,149.94
1_1490,5H,L,,5H,151,150.29
2_0186,5H,L,,5H,152,150.65
1_1497,5H,L,,5H,153,151.35
1_0901,5H,L,,5H,154,152.93
2_0573,5H,L,,5H,154,152.93
1_0820,5H,L,,5H,155,154.08
1_1185,5H,L,,5H,155,154.08
2_1041,5H,L,,5H,155,154.08
3_0238,5H,L,,5H,155,154.08
3_0759,5H,L,,5H,155,154.08
2_0545,5H,L,,5H,156,154.51
1_0385,,,,5H,157,155.23
1_0536,5H,L,,5H,157,155.23
2_1452,5H,L,,5H,157,155.23
1_0161,,,,5H,158,155.45
1_0528,5H,L,,5H,158,155.45
1_0741,5H,L,,5H,158,155.45
1_0812,,,,5H,158,155.45
2_0324,,,,5H,158,155.45
3_0165,5H,L,,5H,158,155.45
1_0902,5H,L,,5H,158,155.45
2_0317,5H,L,,5H,158,155.45
1_0582,5H,L,,5H,159,155.66
2_0078,5H,L,,5H,159,155.66
2_1024,5H,L,,5H,159,155.66
2_0560,5H,L,,5H,160,156.27
2_0876,5H,L,,5H,160,156.27
1_0273,5H,L,,5H,161,157.61
1_1325,5H,L,,5H,161,157.61
3_0642,5H,L,,5H,161,157.61
3_1375,5H,L,,5H,161,157.61
1_0336,5H,L,,5H,161,157.61
1_0874,,,,5H,161,157.61
3_0415,,,,5H,161,157.61
2_0646,5H,L,,5H,161,157.61
2_1018,5H,L,,5H,161,157.61
3_0162,5H,L,,5H,161,157.61
1_1464,5H,L,,5H,162,158.28
2_0988,5H,L,,5H,162,158.28
2_0934,,,,5H,163,159.55
2_0334,5H,L,,5H,164,159.97
2_0829,5H,L,,5H,165,160.9
2_0826,,,,5H,166,162.03
3_0666,5H,L,,5H,166,162.03
3_0566,5H,L,,5H,167,162.68
1_1216,5H,L,,5H,168,162.98
1_0769,5H,L,,5H,169,163.72
3_0087,5H,L,,5H,169,163.72
2_0213,,,,5H,169,163.72
2_0546,5H,L,,5H,169,163.72
2_0686,5H,L,,5H,169,163.72
2_0644,5H,L,,5H,170,164.15
1_0593,5H,B,,5H,171,164.36
1_0869,5H,L,,5H,172,165.28
1_0778,5H,L,,5H,173,166.65
1_0600,,,,5H,174,167.4
2_0867,5H,L,,5H,174,167.4
2_1290,5H,L,,5H,174,167.4
2_1012,5H,L,,5H,174,167.4
2_1141,5H,L,,5H,175,167.9
2_0536,5H,L,,5H,176,168.44
2_1009,5H,L,,5H,176,168.44
1_0870,5H,L,,5H,177,168.67
1_1010,5H,L,,5H,178,169.14
1_1450,5H,L,,5H,178,169.14
2_0816,5H,L,,5H,178,169.14
1_0254,5H,L,,5H,179,169.72
3_0656,5H,L,,5H,179,169.72
2_1138,5H,L,,5H,180,170.25
1_0736,,,,5H,181,171.58
3_0494,5H,L,,5H,181,171.58
1_0236,5H,L,,5H,182,172.83
1_0405,5H,L,,5H,182,172.83
2_0189,5H,L,,5H,182,172.83
3_0504,5H,L,,5H,183,173.5
3_0769,5H,L,,5H,184,174.17
2_1503,,,,5H,185,174.91
2_0022,5H,L,,5H,186,177.9
2_0897,5H,B,,5H,186,177.9
2_1393,5H,L,,5H,186,177.9
3_0577,5H,L,,5H,186,177.9
3_1352,5H,L,,5H,187,181.21
2_1021,,,,5H,188,182.53
2_1155,5H,L,,5H,188,182.53
1_0310,5H,L,,5H,189,183.14
2_0786,2H,L,,5H,189,183.14
2_1162,,,,5H,189,183.14
1_1364,5H,L,,5H,190,184.99
3_1292,5H,L,,5H,190,184.99
2_1108,5H,L,,5H,191,185.59
1_1192,5H,L,,5H,192,186.66
1_0020,,,,5H,193,187.2
2_0569,,,,5H,193,187.2
1_0401,5H,L,,5H,193,187.2
1_0732,5H,L,,5H,193,187.2
1_1413,5H,L,,5H,193,187.2
2_0348,,,,5H,193,187.2
2_0663,,,,5H,193,187.2
2_1052,5H,L,,5H,193,187.2
3_0360,5H,L,,5H,193,187.2
3_1210,5H,L,,5H,193,187.2
3_1481,5H,L,,5H,193,187.2
2_1236,,,,5H,194,187.94
3_0382,5H,L,,5H,195,188.04
1_0857,5H,L,,5H,196,188.7
2_0402,5H,L,,5H,196,188.7
1_0322,5H,L,,5H,197,189.22
2_0132,5H,L,,5H,197,189.22
2_1356,5H,L,,5H,197,189.22
3_0958,5H,L,,5H,197,189.22
3_1123,5H,L,,5H,198,189.89
2_0028,,,,6H,1,0
2_0232,6H,S,,6H,1,0
3_0319,6H,S,,6H,1,0
2_0212,6H,S,,6H,2,1.03
2_0493,6H,S,,6H,2,1.03
2_0886,6H,S,,6H,3,1.64
2_0881,6H,S,,6H,4,2.24
2_1521,6H,S,,6H,4,2.24
1_0669,6H,S,,6H,5,2.84
1_1446,,,,6H,5,2.84
2_1055,,,,6H,5,2.84
2_1230,,,,6H,5,2.84
2_0882,6H,S,,6H,6,3.46
3_1233,6H,S,,6H,6,3.46
1_0120,6H,S,,6H,7,6.54
1_1166,,,,6H,7,6.54
2_1199,,,,6H,7,6.54
1_1406,6H,S,,6H,7,6.54
2_0294,,,,6H,7,6.54
3_0651,6H,S,,6H,8,7.87
2_1204,6H,S,,6H,9,8.74
2_0262,6H,S,,6H,10,10.72
2_1032,6H,S,,6H,11,11.68
1_1479,6H,S,,6H,12,15.16
2_0415,6H,S,,6H,13,15.81
3_0010,6H,S,,6H,14,18.89
3_0842,6H,S,,6H,15,20.62
1_0064,6H,S,,6H,16,23.62
1_0165,6H,S,,6H,16,23.62
1_0554,6H,S,,6H,16,23.62
1_0023,6H,S,,6H,17,24.91
1_1210,,,,6H,17,24.91
3_0843,6H,S,,6H,17,24.91
2_1246,6H,S,,6H,18,25.88
1_0136,6H,S,,6H,19,27.33
1_0868,6H,S,,6H,19,27.33
2_0315,6H,S,,6H,19,27.33
1_0676,,,,6H,20,32.05
3_0697,6H,S,,6H,21,32.27
3_0673,6H,S,,6H,22,32.98
3_1485,6H,S,,6H,22,32.98
3_1308,6H,S,,6H,23,33.72
1_0994,6H,S,,6H,24,34.66
1_0799,6H,S,,6H,25,35.32
1_0939,6H,S,,6H,26,37.29
1_0427,6H,S,,6H,27,37.99
3_0358,6H,S,,6H,28,38.66
2_0510,,,,6H,29,39.32
3_0521,6H,S,,6H,30,41.55
3_0361,6H,S,,6H,31,43.38
1_0061,6H,S,,6H,32,44.96
1_1455,6H,S,,6H,32,44.96
3_0783,6H,S,,6H,32,44.96
1_0129,,,,6H,32,44.96
1_0494,6H,S,,6H,32,44.96
1_0882,6H,S,,6H,32,44.96
2_1030,6H,S,,6H,32,44.96
2_0052,6H,S,,6H,32,44.96
3_0665,6H,S,,6H,32,44.96
2_0936,6H,S,,6H,33,46.44
3_0516,6H,S,,6H,33,46.44
2_1281,6H,S,,6H,34,47.1
1_0244,6H,S,,6H,35,48.42
2_0743,6H,S,,6H,35,48.42
1_0355,,,,6H,36,49.17
1_0462,6H,S,,6H,36,49.17
1_0013,6H,S,,6H,37,49.67
1_0199,6H,S,,6H,37,49.67
1_0575,6H,S,,6H,37,49.67
1_0811,6H,S,,6H,37,49.67
1_0817,6H,S,,6H,37,49.67
1_1097,6H,S,,6H,37,49.67
2_0707,6H,S,,6H,37,49.67
2_0984,,,,6H,37,49.67
2_1320,,,,6H,37,49.67
3_0699,,,,6H,37,49.67
3_0317,6H,S,,6H,37,49.67
1_0539,6H,S,,6H,38,50.33
1_0461,6H,S,,6H,39,52.19
1_0910,,,,6H,39,52.19
3_0133,6H,S,,6H,39,52.19
3_0316,6H,S,,6H,39,52.19
3_0658,6H,S,,6H,39,52.19
2_0291,6H,S,,6H,40,52.85
3_0510,6H,S,,6H,40,52.85
3_1433,6H,S,,6H,40,52.85
3_0751,6H,S,,6H,40,52.85
3_1092,6H,S,,6H,40,52.85
3_1274,6H,S,,6H,40,52.85
1_1171,6H,S,,6H,41,53.54
1_1205,6H,S,,6H,41,53.54
2_0675,6H,S,,6H,41,53.54
3_0782,6H,S,,6H,41,53.54
2_1449,6H,S,,6H,42,54.57
3_0569,6H,S,,6H,43,55.31
1_0003,6H,S,,6H,44,56.06
1_0497,6H,S,,6H,44,56.06
1_1104,6H,S,,6H,44,56.06
1_1353,6H,S,,6H,44,56.06
2_0381,6H,S,,6H,44,56.06
3_0032,6H,S,,6H,44,56.06
3_0120,6H,S,,6H,44,56.06
3_0430,6H,S,,6H,44,56.06
3_0473,6H,S,,6H,44,56.06
2_0720,6H,S,,6H,45,57.18
2_1473,6H,S,,6H,45,57.18
2_1158,6H,S,,6H,46,57.83
1_0962,6H,S,,6H,47,58.48
2_0651,6H,S,,6H,47,58.48
2_0656,6H,S,,6H,47,58.48
2_1014,6H,S,,6H,47,58.48
3_0021,6H,S,,6H,47,58.48
3_1004,6H,S,,6H,47,58.48
3_0441,6H,S,,6H,47,58.48
3_0802,6H,S,,6H,47,58.48
3_1005,6H,S,,6H,47,58.48
3_1007,6H,S,,6H,47,58.48
1_0323,6H,L,,6H,48,59.25
1_0591,6H,S,,6H,48,59.25
1_1487,6H,L,,6H,48,59.25
2_0142,6H,S,,6H,48,59.25
3_0230,6H,S,,6H,48,59.25
3_0567,6H,S,,6H,48,59.25
1_0659,6H,S,,6H,48,59.25
1_0749,6H,L,,6H,48,59.25
1_0848,6H,L,,6H,48,59.25
1_0954,6H,S,,6H,48,59.25
1_1312,6H,S,,6H,48,59.25
1_1442,6H,L,,6H,48,59.25
2_0329,6H,L,,6H,48,59.25
2_1124,,,,6H,48,59.25
2_0567,6H,L,,6H,48,59.25
2_0572,6H,L,,6H,48,59.25
2_0799,6H,L,,6H,48,59.25
2_0946,6H,L,,6H,48,59.25
2_0600,6H,S,,6H,48,59.25
2_0785,,,,6H,48,59.25
3_0508,6H,L,,6H,48,59.25
3_0765,6H,L,,6H,48,59.25
3_0837,6H,L,,6H,48,59.25
3_1187,6H,L,,6H,48,59.25
3_1249,6H,L,,6H,48,59.25
3_1443,6H,L,,6H,48,59.25
2_0854,6H,L,,6H,48,59.25
2_1216,6H,L,,6H,48,59.25
2_1482,6H,L,,6H,48,59.25
3_1509,6H,S,,6H,48,59.25
1_1140,6H,L,,6H,49,59.91
1_1153,6H,L,,6H,49,59.91
3_0305,6H,L,,6H,49,59.91
1_0227,6H,L,,6H,50,60.65
1_0278,6H,L,,6H,50,60.65
1_0345,6H,L,,6H,50,60.65
2_1114,6H,L,,6H,50,60.65
3_1174,6H,L,,6H,50,60.65
1_0377,,,,6H,50,60.65
1_0513,6H,L,,6H,50,60.65
1_0594,,,,6H,50,60.65
1_1317,,,,6H,50,60.65
1_1143,,,,6H,50,60.65
3_0027,,,,6H,50,60.65
2_0463,6H,L,,6H,50,60.65
3_0395,,,,6H,50,60.65
3_0596,6H,S,,6H,50,60.65
3_0681,6H,L,,6H,50,60.65
2_0835,6H,L,,6H,50,60.65
3_0311,6H,S,,6H,50,60.65
3_0465,6H,L,,6H,50,60.65
3_0511,6H,L,,6H,50,60.65
3_0749,6H,S,,6H,50,60.65
3_0856,6H,L,,6H,50,60.65
3_1006,6H,S,,6H,50,60.65
3_1178,6H,L,,6H,50,60.65
2_0184,6H,L,,6H,51,61.19
3_0144,6H,L,,6H,51,61.19
3_0857,6H,L,,6H,51,61.19
1_1067,6H,L,,6H,52,62.71
1_1181,6H,L,,6H,52,62.71
1_1253,6H,L,,6H,52,62.71
1_0803,,,,6H,53,63.71
1_0270,6H,L,,6H,54,64.65
2_1509,6H,L,,6H,54,64.65
3_1003,6H,L,,6H,54,64.65
1_0964,6H,L,,6H,55,65.29
2_0266,6H,L,,6H,55,65.29
2_1339,6H,L,,6H,55,65.29
1_0189,6H,L,,6H,56,65.83
1_0635,6H,L,,6H,56,65.83
1_0758,6H,L,,6H,56,65.83
1_1321,6H,L,,6H,56,65.83
2_0058,6H,L,,6H,56,65.83
2_1310,,,,6H,56,65.83
3_0346,6H,L,,6H,56,65.83
3_0804,6H,L,,6H,56,65.83
3_0548,,,,6H,56,65.83
3_0686,,,,6H,56,65.83
3_0844,6H,L,,6H,57,66.49
1_1475,6H,L,,6H,58,70.5
1_1483,6H,L,,6H,58,70.5
2_1298,6H,L,,6H,58,70.5
2_1069,6H,L,,6H,59,71.32
1_0392,6H,L,,6H,60,72.17
1_0781,6H,L,,6H,60,72.17
2_0904,6H,L,,6H,60,72.17
2_1225,6H,L,,6H,60,72.17
2_1293,6H,L,,6H,60,72.17
3_0637,6H,L,,6H,60,72.17
1_1261,6H,B,,6H,61,72.82
1_0455,6H,L,,6H,62,73.84
2_0148,6H,L,,6H,62,73.84
2_0287,6H,L,,6H,62,73.84
1_0040,,,,6H,63,74.65
1_0124,6H,L,,6H,63,74.65
1_0504,6H,L,,6H,63,74.65
2_0015,6H,L,,6H,63,74.65
2_0709,,,,6H,63,74.65
2_0714,6H,L,,6H,64,75.28
2_0468,6H,L,,6H,65,76.03
2_1469,6H,L,,6H,65,76.03
2_0636,6H,L,,6H,66,77.53
3_1289,6H,L,,6H,66,77.53
1_0596,6H,L,,6H,67,78.52
1_1329,6H,L,,6H,67,78.52
2_0620,6H,L,,6H,67,78.52
2_0673,6H,L,,6H,67,78.52
2_0892,6H,L,,6H,68,79.17
1_1349,6H,L,,6H,69,80.06
2_0577,6H,L,,6H,69,80.06
2_0784,6H,L,,6H,69,80.06
3_1250,6H,L,,6H,69,80.06
1_1459,6H,L,,6H,70,80.86
2_1256,6H,L,,6H,70,80.86
2_0744,6H,L,,6H,70,80.86
3_1101,6H,L,,6H,70,80.86
1_0469,6H,L,,6H,71,81.79
2_0053,6H,L,,6H,71,81.79
2_0756,,,,6H,71,81.79
3_0236,6H,L,,6H,72,83.28
3_1111,6H,L,,6H,72,83.28
3_1088,6H,L,,6H,73,83.81
2_0488,6H,L,,6H,74,84.47
2_0682,6H,L,,6H,74,84.47
2_0969,6H,L,,6H,74,84.47
2_0746,6H,L,,6H,75,85.94
2_0889,6H,L,,6H,76,86.54
2_1224,6H,L,,6H,77,86.96
1_0608,,,,6H,78,88.25
1_0220,6H,L,,6H,79,88.88
1_1458,6H,L,,6H,79,88.88
2_0548,,,,6H,79,88.88
3_0573,6H,L,,6H,79,88.88
3_0940,6H,L,,6H,79,88.88
3_1253,6H,L,,6H,79,88.88
3_0148,6H,L,,6H,80,89.58
1_0331,6H,L,,6H,81,92.69
1_0185,6H,L,,6H,82,93.44
1_1246,6H,L,,6H,82,93.44
2_0465,6H,L,,6H,82,93.44
3_0675,,,,6H,82,93.44
2_0346,,,,6H,83,94.18
2_1404,6H,L,,6H,83,94.18
1_1147,6H,L,,6H,84,95.7
2_0654,5H,B,,6H,84,95.7
3_0452,,,,6H,84,95.7
1_0815,6H,L,,6H,85,97
3_0698,6H,L,,6H,86,98.68
1_0400,6H,L,,6H,87,100.68
2_0783,6H,L,,6H,87,100.68
2_1025,6H,L,,6H,88,102.04
1_0202,6H,L,,6H,89,102.62
3_0626,6H,L,,6H,90,103.32
3_1235,6H,L,,6H,90,103.32
2_0996,,,,6H,91,104.5
3_0931,6H,L,,6H,91,104.5
1_1294,,,,6H,92,105.05
2_0728,6H,L,,6H,92,105.05
3_1225,6H,L,,6H,92,105.05
1_0801,,,,6H,93,106.15
1_0978,6H,L,,6H,93,106.15
2_0118,,,,6H,93,106.15
2_0972,6H,L,,6H,94,106.82
1_0595,6H,L,,6H,95,107.49
3_1432,6H,L,,6H,95,107.49
1_0734,,,,6H,96,109.05
1_0015,6H,L,,6H,97,111.08
1_0139,6H,L,,6H,97,111.08
2_0531,6H,L,,6H,97,111.08
3_0151,6H,L,,6H,97,111.08
3_1046,6H,L,,6H,97,111.08
3_1353,6H,L,,6H,97,111.08
1_1494,6H,L,,6H,98,111.74
3_1042,6H,L,,6H,99,112.39
3_1043,6H,L,,6H,99,112.39
3_1044,6H,L,,6H,99,112.39
3_1048,6H,L,,6H,99,112.39
3_1049,6H,L,,6H,99,112.39
3_1115,6H,L,,6H,99,112.39
2_0342,,,,6H,100,113.35
2_0292,6H,L,,6H,101,115.31
2_0379,,,,6H,101,115.31
2_0464,,,,6H,102,117.1
1_0704,6H,L,,6H,103,117.51
2_0036,6H,L,,6H,104,118.15
2_0467,6H,L,,6H,104,118.15
2_0725,6H,L,,6H,104,118.15
2_1271,6H,L,,6H,104,118.15
3_0734,6H,L,,6H,105,119.56
1_0450,,,,6H,106,120.69
2_0355,6H,L,,6H,106,120.69
2_0448,6H,L,,6H,107,121.44
1_0239,6H,L,,6H,108,122.14
2_0558,6H,L,,6H,108,122.14
3_1495,6H,L,,6H,108,122.14
1_1534,6H,L,,6H,109,122.74
2_0733,6H,L,,6H,109,122.74
2_1477,6H,L,,6H,110,125.99
3_0025,6H,L,,6H,111,127.01
1_0107,6H,L,,6H,112,127.76
3_1392,6H,L,,6H,112,127.76
2_1467,,,,6H,113,128.41
3_1277,6H,L,,6H,114,129.07
1_0645,6H,L,,6H,115,129.73
1_0051,6H,L,,6H,116,130.38
3_0355,6H,L,,6H,116,130.38
1_0071,6H,L,,6H,116,130.38
1_0175,6H,L,,6H,116,130.38
2_1455,6H,L,,6H,116,130.38
1_1187,6H,L,,6H,117,131.64
2_0231,,,,6H,117,131.64
3_0057,6H,L,,6H,117,131.64
3_1126,6H,L,,6H,117,131.64
2_0005,6H,L,,6H,118,132.6
2_0029,6H,L,,6H,119,133.25
1_0019,,,,6H,120,133.9
1_0145,,,,6H,120,133.9
1_0748,6H,L,,6H,120,133.9
1_1488,6H,L,,6H,120,133.9
2_0211,,,,6H,120,133.9
2_0817,,,,6H,120,133.9
2_1425,6H,L,,6H,120,133.9
2_0868,6H,L,,6H,121,135.58
2_0907,6H,L,,6H,121,135.58
3_1469,6H,L,,6H,122,136.66
3_1498,6H,L,,6H,122,136.66
1_0290,,,,6H,123,137.41
2_0270,,,,6H,123,137.41
2_0353,,,,6H,123,137.41
3_0414,6H,L,,6H,123,137.41
3_1283,6H,L,,6H,123,137.41
1_0390,6H,L,,6H,123,137.41
1_0828,6H,L,,6H,123,137.41
1_1111,6H,L,,6H,124,139.09
2_0687,6H,L,,6H,124,139.09
2_1112,6H,L,,6H,125,139.75
2_0537,6H,L,,6H,126,142.2
3_0627,6H,L,,6H,126,142.2
3_0956,6H,L,,6H,126,142.2
1_0036,7H,S,,7H,1,0
1_0372,,,,7H,1,0
2_0016,7H,S,,7H,1,0
3_1075,7H,S,,7H,1,0
1_0949,7H,S,,7H,1,0
1_0971,7H,S,,7H,1,0
1_1412,,,,7H,1,0
2_0303,,,,7H,1,0
2_1395,7H,S,,7H,1,0
2_1419,7H,S,,7H,1,0
3_0296,7H,S,,7H,1,0
3_0959,7H,S,,7H,1,0
3_1076,7H,S,,7H,1,0
2_1516,7H,S,,7H,2,0.21
1_0682,,,,7H,3,0.63
1_1132,7H,S,,7H,3,0.63
3_0472,7H,S,,7H,3,0.63
2_1443,7H,S,,7H,4,0.84
2_1307,7H,S,,7H,5,1.71
1_0121,7H,S,,7H,6,2.13
1_0894,7H,S,,7H,6,2.13
2_0201,7H,S,,7H,6,2.13
2_1287,,,,7H,6,2.13
3_0196,,,,7H,6,2.13
2_0710,7H,S,,7H,7,3.49
3_1350,7H,S,,7H,7,3.49
1_0375,7H,S,,7H,8,4.5
1_1179,7H,S,,7H,8,4.5
1_1222,7H,S,,7H,8,4.5
2_0534,7H,S,,7H,8,4.5
1_0517,,,,7H,9,5.43
2_0242,7H,S,,7H,9,5.43
3_0836,7H,S,,7H,9,5.43
3_1173,7H,S,,7H,9,5.43
1_1031,7H,S,,7H,10,5.96
1_1035,7H,S,,7H,11,6.71
1_1495,7H,S,,7H,12,6.79
2_0307,7H,S,,7H,12,6.79
2_1262,,,,7H,12,6.79
1_0406,7H,S,,7H,13,7.33
1_1433,7H,S,,7H,13,7.33
2_0245,7H,S,,7H,14,7.87
3_1322,,,,7H,14,7.87
3_1450,7H,S,,7H,14,7.87
2_0227,7H,S,,7H,15,8.45
1_0841,7H,S,,7H,16,9.73
1_0851,7H,S,,7H,16,9.73
3_0851,7H,S,,7H,16,9.73
3_1285,7H,S,,7H,16,9.73
2_0225,7H,S,,7H,16,9.73
2_0755,7H,S,,7H,17,10.57
2_1437,7H,S,,7H,18,11.65
2_0014,7H,S,,7H,19,11.87
2_0559,,,,7H,20,12.41
2_1460,,,,7H,21,13.49
2_0722,7H,S,,7H,22,13.7
1_0025,7H,S,,7H,23,14.39
1_1052,7H,S,,7H,23,14.39
3_0723,7H,S,,7H,23,14.39
2_1050,7H,S,,7H,24,15.89
2_0495,7H,S,,7H,25,18.73
3_0530,7H,S,,7H,26,20.29
3_0329,7H,S,,7H,27,22.84
1_0965,7H,S,,7H,28,24.15
3_1351,7H,S,,7H,28,24.15
3_0780,7H,S,,7H,29,24.81
1_0920,7H,S,,7H,30,26.14
2_0162,7H,S,,7H,30,26.14
2_0163,,,,7H,30,26.14
3_0040,7H,S,,7H,30,26.14
3_0063,7H,S,,7H,30,26.14
1_0451,7H,S,,7H,31,27.09
2_0507,,,,7H,31,27.09
3_0702,7H,S,,7H,31,27.09
1_0956,7H,S,,7H,32,27.69
2_0758,7H,S,,7H,33,28.16
1_0232,7H,S,,7H,34,29.05
1_0800,,,,7H,34,29.05
3_0141,7H,S,,7H,34,29.05
3_0219,7H,S,,7H,34,29.05
2_0192,7H,S,,7H,35,29.7
2_0993,7H,S,,7H,35,29.7
3_0083,7H,S,,7H,35,29.7
3_0242,7H,S,,7H,36,30.69
1_1068,,,,7H,37,31.35
2_0126,7H,S,,7H,37,31.35
3_0893,7H,S,,7H,37,31.35
3_0894,7H,S,,7H,37,31.35
3_0895,7H,S,,7H,37,31.35
1_0838,7H,S,,7H,38,32.01
1_0218,7H,S,,7H,39,32.13
1_1197,,,,7H,40,32.55
1_0056,7H,S,,7H,41,33.49
3_1305,7H,S,,7H,42,34.15
2_1292,,,,7H,43,34.91
1_0576,7H,S,,7H,44,35.36
1_0327,7H,S,,7H,45,36.26
3_0065,7H,S,,7H,45,36.26
1_0979,7H,S,,7H,46,36.92
1_0368,7H,S,,7H,47,38.57
3_0143,7H,S,,7H,47,38.57
2_1528,7H,S,,7H,48,38.99
1_0082,,,,7H,49,39.67
2_0165,,,,7H,50,39.7
1_1339,7H,S,,7H,51,40.48
2_1491,7H,S,,7H,52,41.51
2_1326,7H,S,,7H,53,42.26
3_0528,7H,S,,7H,53,42.26
2_0150,,,,7H,54,44.12
2_0249,7H,S,,7H,54,44.12
2_1232,,,,7H,54,44.12
3_0545,7H,S,,7H,55,46.44
3_0752,7H,S,,7H,55,46.44
1_0772,7H,S,,7H,56,47.1
3_0371,7H,S,,7H,56,47.1
1_0696,7H,S,,7H,57,48.06
2_0031,7H,S,,7H,57,48.06
2_0357,,,,7H,57,48.06
2_0466,,,,7H,57,48.06
2_0113,7H,S,,7H,58,49.61
2_0790,7H,S,,7H,59,49.82
3_0290,7H,S,,7H,60,50.49
1_0726,7H,S,,7H,61,51.23
3_0181,7H,S,,7H,61,51.23
1_0959,7H,S,,7H,62,52.52
3_0576,7H,S,,7H,62,52.52
1_1014,7H,S,,7H,63,54.32
2_0337,,,,7H,63,54.32
3_0880,7H,S,,7H,64,54.99
1_0346,,,,7H,65,55.64
1_0403,7H,S,,7H,65,55.64
3_0879,7H,S,,7H,65,55.64
1_0418,,,,7H,66,56.25
1_0721,7H,S,,7H,66,56.25
1_0050,7H,S,,7H,67,57.57
3_0149,7H,S,,7H,67,57.57
1_0605,7H,S,,7H,68,58.53
1_0267,7H,S,,7H,69,61.67
1_0657,7H,S,,7H,69,61.67
1_1525,7H,S,,7H,69,61.67
2_0750,7H,S,,7H,69,61.67
3_1247,,,,7H,69,61.67
3_1463,7H,S,,7H,69,61.67
2_0975,7H,S,,7H,70,62.43
3_0639,7H,S,,7H,70,62.43
2_1270,7H,S,,7H,71,62.64
1_1242,7H,S,,7H,72,64.84
1_1098,7H,S,,7H,73,64.98
1_1348,7H,S,,7H,73,64.98
2_0671,7H,S,,7H,73,64.98
3_1441,7H,S,,7H,73,64.98
1_1028,7H,S,,7H,74,65.98
2_0060,7H,S,,7H,74,65.98
1_0431,7H,S,,7H,75,67.02
1_1257,7H,S,,7H,75,67.02
2_0195,7H,S,,7H,75,67.02
2_0401,,,,7H,76,67.56
3_0125,7H,S,,7H,76,67.56
2_1234,7H,S,,7H,77,68.89
3_0997,7H,S,,7H,77,68.89
3_1452,7H,S,,7H,78,69.55
1_1103,7H,S,,7H,79,70.21
1_1202,7H,S,,7H,79,70.21
1_0299,7H,S,,7H,80,72.18
1_0316,,,,7H,80,72.18
1_1045,7H,S,,7H,80,72.18
2_1492,7H,S,,7H,80,72.18
1_0983,7H,S,,7H,81,73.54
2_1276,,,,7H,81,73.54
2_0885,7H,S,,7H,82,75.52
2_1167,7H,S,,7H,82,75.52
3_1120,7H,S,,7H,82,75.52
3_0344,7H,S,,7H,83,77.02
1_0083,,,,7H,84,79.08
1_1519,,,,7H,84,79.08
1_0153,7H,S,,7H,84,79.08
1_0256,7H,S,,7H,84,79.08
2_0827,,,,7H,84,79.08
3_0496,7H,S,,7H,84,79.08
3_0581,7H,S,,7H,84,79.08
3_0832,7H,S,,7H,84,79.08
1_1122,7H,S,,7H,85,79.79
1_0655,7H,S,,7H,86,80.3
1_0700,7H,L,,7H,86,80.3
3_0595,7H,S,,7H,86,80.3
1_0924,7H,S,,7H,87,80.64
1_0055,7H,L,,7H,88,81.78
1_0073,,,,7H,88,81.78
1_0773,7H,L,,7H,88,81.78
1_1352,7H,L,,7H,88,81.78
1_0115,,,,7H,88,81.78
1_0209,7H,S,,7H,88,81.78
1_0212,,,,7H,88,81.78
1_0222,7H,S,,7H,88,81.78
1_0268,7H,S,,7H,88,81.78
1_0370,7H,L,,7H,88,81.78
1_0394,7H,S,,7H,88,81.78
1_0459,7H,S,,7H,88,81.78
1_0713,7H,L,,7H,88,81.78
1_0698,7H,S,,7H,88,81.78
1_1145,7H,L,,7H,88,81.78
1_1146,7H,L,,7H,88,81.78
1_1291,,,,7H,88,81.78
1_1477,7H,S,,7H,88,81.78
1_1536,7H,L,,7H,88,81.78
2_0200,7H,L,,7H,88,81.78
2_0893,7H,S,,7H,88,81.78
2_0911,7H,S,,7H,88,81.78
2_0314,7H,S,,7H,88,81.78
2_1178,,,,7H,88,81.78
2_0828,7H,B,,7H,88,81.78
2_1494,7H,L,,7H,88,81.78
2_0879,7H,S,,7H,88,81.78
2_1302,7H,L,,7H,88,81.78
2_1335,7H,L,,7H,88,81.78
3_0004,7H,L,,7H,88,81.78
3_0449,7H,L,,7H,88,81.78
3_0492,7H,S,,7H,88,81.78
3_0563,7H,S,,7H,88,81.78
3_1140,7H,L,,7H,88,81.78
3_1345,7H,L,,7H,88,81.78
3_0053,7H,S,,7H,88,81.78
3_0481,7H,S,,7H,88,81.78
3_0486,7H,S,,7H,88,81.78
3_0544,7H,S,,7H,88,81.78
3_0600,7H,L,,7H,88,81.78
3_1227,7H,S,,7H,88,81.78
3_0389,7H,L,,7H,88,81.78
3_0411,7H,S,,7H,88,81.78
3_0445,7H,S,,7H,88,81.78
3_0550,7H,S,,7H,88,81.78
3_0621,7H,L,,7H,88,81.78
3_0760,7H,S,,7H,88,81.78
3_0794,7H,S,,7H,88,81.78
3_1215,7H,S,,7H,88,81.78
3_0589,7H,L,,7H,88,81.78
3_0835,7H,L,,7H,88,81.78
3_1418,7H,L,,7H,88,81.78
3_1000,7H,S,,7H,88,81.78
1_1219,7H,L,,7H,89,82.2
2_0460,7H,L,,7H,89,82.2
1_0534,7H,L,,7H,90,82.41
1_0581,7H,L,,7H,90,82.41
2_1319,7H,L,,7H,90,82.41
3_0475,7H,L,,7H,90,82.41
3_0574,7H,L,,7H,90,82.41
1_1230,,,,7H,91,83.07
1_0069,7H,L,,7H,92,83.42
1_0125,7H,L,,7H,92,83.42
1_0982,7H,L,,7H,92,83.42
1_0369,7H,L,,7H,92,83.42
1_1029,,,,7H,92,83.42
1_1461,7H,L,,7H,92,83.42
2_0205,7H,L,,7H,92,83.42
2_1300,,,,7H,92,83.42
3_0213,7H,L,,7H,92,83.42
3_0506,7H,L,,7H,92,83.42
3_1211,7H,L,,7H,92,83.42
3_0565,7H,L,,7H,92,83.42
1_0673,7H,L,,7H,93,84.3
1_1377,7H,L,,7H,93,84.3
2_1079,7H,L,,7H,93,84.3
3_0645,7H,L,,7H,93,84.3
1_0442,7H,B,,7H,94,85.28
1_0531,7H,L,,7H,94,85.28
1_1055,7H,L,,7H,94,85.28
1_1529,7H,L,,7H,94,85.28
2_1520,,,,7H,94,85.28
1_1091,7H,L,,7H,94,85.28
1_1239,,,,7H,94,85.28
1_1445,7H,L,,7H,94,85.28
1_1499,7H,L,,7H,94,85.28
2_0880,7H,L,,7H,94,85.28
3_0998,7H,L,,7H,94,85.28
2_0349,7H,L,,7H,95,86.84
2_0042,,,,7H,96,88.06
2_0230,7H,L,,7H,96,88.06
2_0896,7H,L,,7H,96,88.06
2_1330,7H,L,,7H,96,88.06
3_0199,7H,L,,7H,96,88.06
3_1137,7H,L,,7H,96,88.06
3_1199,7H,L,,7H,96,88.06
2_0771,7H,L,,7H,97,89.12
2_1409,7H,L,,7H,97,89.12
1_0303,7H,B,,7H,98,89.78
2_0083,,,,7H,98,89.78
1_0089,7H,L,,7H,99,91.12
1_0143,7H,L,,7H,99,91.12
2_0485,7H,L,,7H,100,91.67
3_0419,7H,L,,7H,100,91.67
1_1437,7H,L,,7H,101,94.34
2_0685,7H,L,,7H,101,94.34
3_0301,7H,L,,7H,101,94.34
2_1501,,,,7H,101,94.34
3_0026,7H,L,,7H,101,94.34
3_0996,7H,L,,7H,101,94.34
1_1343,7H,L,,7H,102,96.18
1_1044,7H,L,,7H,103,97.65
2_0076,7H,L,,7H,104,98.95
2_1201,,,,7H,104,98.95
2_1448,,,,7H,104,98.95
3_0806,7H,L,,7H,105,99.94
3_1395,7H,L,,7H,105,99.94
1_0301,7H,L,,7H,106,101.52
3_1188,7H,L,,7H,107,102.23
2_0808,7H,L,,7H,108,102.97
3_0335,7H,L,,7H,108,102.97
2_0103,7H,L,,7H,109,104.32
2_0611,7H,L,,7H,109,104.32
3_0168,7H,L,,7H,109,104.32
3_1440,7H,L,,7H,110,105.07
1_1051,7H,L,,7H,111,105.73
3_0630,7H,L,,7H,111,105.73
3_1294,7H,L,,7H,111,105.73
1_0169,7H,L,,7H,112,106.8
2_1464,7H,L,,7H,112,106.8
3_1261,7H,L,,7H,113,108.78
2_0824,7H,L,,7H,114,109.44
2_0684,7H,L,,7H,115,109.99
1_0362,7H,L,,7H,116,110.11
2_0406,7H,L,,7H,116,110.11
1_0853,7H,L,,7H,117,111.15
2_0092,7H,L,,7H,117,111.15
2_0385,7H,L,,7H,117,111.15
2_0652,,,,7H,117,111.15
1_0540,,,,7H,118,111.49
2_0570,7H,L,,7H,119,112.35
1_0241,7H,L,,7H,120,112.99
1_0563,7H,L,,7H,120,112.99
1_0652,7H,L,,7H,120,112.99
3_0362,7H,L,,7H,121,114.96
2_0247,7H,L,,7H,122,116.28
2_1208,7H,L,,7H,122,116.28
2_0041,,,,7H,123,116.94
3_0797,7H,L,,7H,123,116.94
3_1363,7H,L,,7H,123,116.94
1_1184,7H,L,,7H,124,118.44
3_0164,7H,L,,7H,124,118.44
3_0368,7H,L,,7H,125,118.52
2_0217,7H,L,,7H,126,120.52
1_0543,7H,L,,7H,127,121.36
1_1243,7H,L,,7H,127,121.36
3_1232,7H,L,,7H,127,121.36
3_1483,,,,7H,127,121.36
3_1535,7H,L,,7H,128,124.5
2_0354,7H,B,,7H,129,125.16
3_1374,7H,L,,7H,130,126.83
1_1521,,,,7H,131,127.74
2_1229,7H,L,,7H,132,128.72
1_0182,7H,L,,7H,133,129.32
1_1279,7H,L,,7H,133,129.32
2_0832,7H,L,,7H,134,129.97
2_1209,7H,L,,7H,135,130.64
2_0516,,,,7H,136,132.79
1_0861,7H,L,,7H,137,134.1
2_1104,7H,L,,7H,137,134.1
1_0797,7H,L,,7H,138,135.86
3_0831,7H,L,,7H,138,135.86
3_0380,7H,L,,7H,139,136.56
1_0078,7H,L,,7H,140,137.31
1_0973,7H,L,,7H,140,137.31
2_1160,7H,L,,7H,140,137.31
2_1248,,,,7H,140,137.31
1_0885,7H,L,,7H,141,138.83
3_0647,,,,7H,141,138.83
3_1282,7H,L,,7H,141,138.83
2_0847,7H,L,,7H,142,139.46
1_0454,7H,L,,7H,143,139.9
1_0687,7H,L,,7H,143,139.9
2_0139,7H,L,,7H,144,141.15
2_1280,7H,L,,7H,144,141.15
3_0761,7H,L,,7H,144,141.15
1_0550,7H,L,,7H,145,142.46
1_0677,7H,L,,7H,145,142.46
2_0241,7H,L,,7H,145,142.46
2_0949,7H,L,,7H,145,142.46
3_1325,7H,L,,7H,145,142.46
2_0691,7H,L,,7H,146,143.13
2_1223,7H,L,,7H,147,144.96
1_0843,7H,L,,7H,148,145.6
2_1363,,,,7H,148,145.6
3_1166,7H,L,,7H,148,145.6
1_1440,7H,L,,7H,149,146.27
2_0452,7H,L,,7H,149,146.27
3_0593,7H,L,,7H,150,146.93
2_0414,7H,L,,7H,151,147.58
2_0640,7H,L,,7H,152,148.28
1_0130,7H,L,,7H,153,149.31
1_1012,7H,L,,7H,153,149.31
1_0896,7H,L,,7H,154,150.44
1_1471,,,,7H,154,150.44
1_1309,7H,L,,7H,155,151.1
1_1275,7H,L,,7H,156,151.76
2_1328,7H,L,,7H,156,151.76
2_1525,,,,7H,156,151.76
2_0483,,,,7H,157,152.41
2_0962,,,,7H,157,152.41
3_1489,,,,7H,158,153.16
3_0244,7H,L,,7H,159,153.91
2_0079,7H,L,,7H,160,156.13
2_0117,7H,L,,7H,160,156.13
1_0999,7H,L,,7H,161,157.44
2_0586,,,,7H,161,157.44
3_0974,7H,L,,7H,161,157.44
3_1338,,,,7H,161,157.44
1_0888,7H,L,,7H,162,157.85
2_0504,7H,L,,7H,163,158.84
1_0547,7H,L,,7H,164,160.97
2_1086,7H,L,,7H,165,161.39
1_0174,7H,L,,7H,166,162.03
1_0378,7H,L,,7H,166,162.03
3_0826,7H,L,,7H,166,162.03
3_1019,,,,7H,166,162.03
2_0365,7H,L,,7H,167,162.24
2_0170,7H,L,,7H,168,162.45